1,"tensor(0.0069, device='cuda:0', grad_fn=<DivBackward0>)"
2,"tensor(0.0132, device='cuda:0', grad_fn=<DivBackward0>)"
3,"tensor(0.0067, device='cuda:0', grad_fn=<DivBackward0>)"
4,"tensor(0.0087, device='cuda:0', grad_fn=<DivBackward0>)"
5,"tensor(0.0080, device='cuda:0', grad_fn=<DivBackward0>)"
6,"tensor(0.0082, device='cuda:0', grad_fn=<DivBackward0>)"
7,"tensor(0.0056, device='cuda:0', grad_fn=<DivBackward0>)"
8,"tensor(0.0099, device='cuda:0', grad_fn=<DivBackward0>)"
9,"tensor(0.0075, device='cuda:0', grad_fn=<DivBackward0>)"
10,"tensor(0.0084, device='cuda:0', grad_fn=<DivBackward0>)"
11,"tensor(0.0083, device='cuda:0', grad_fn=<DivBackward0>)"
12,"tensor(0.0079, device='cuda:0', grad_fn=<DivBackward0>)"
13,"tensor(0.0073, device='cuda:0', grad_fn=<DivBackward0>)"
14,"tensor(0.0075, device='cuda:0', grad_fn=<DivBackward0>)"
15,"tensor(0.0054, device='cuda:0', grad_fn=<DivBackward0>)"
16,"tensor(0.0045, device='cuda:0', grad_fn=<DivBackward0>)"
17,"tensor(0.0050, device='cuda:0', grad_fn=<DivBackward0>)"
18,"tensor(0.0051, device='cuda:0', grad_fn=<DivBackward0>)"
19,"tensor(0.0045, device='cuda:0', grad_fn=<DivBackward0>)"
20,"tensor(0.0068, device='cuda:0', grad_fn=<DivBackward0>)"
21,"tensor(0.0060, device='cuda:0', grad_fn=<DivBackward0>)"
22,"tensor(0.0066, device='cuda:0', grad_fn=<DivBackward0>)"
23,"tensor(0.0059, device='cuda:0', grad_fn=<DivBackward0>)"
24,"tensor(0.0043, device='cuda:0', grad_fn=<DivBackward0>)"
25,"tensor(0.0051, device='cuda:0', grad_fn=<DivBackward0>)"
26,"tensor(0.0058, device='cuda:0', grad_fn=<DivBackward0>)"
27,"tensor(0.0056, device='cuda:0', grad_fn=<DivBackward0>)"
28,"tensor(0.0058, device='cuda:0', grad_fn=<DivBackward0>)"
29,"tensor(0.0061, device='cuda:0', grad_fn=<DivBackward0>)"
30,"tensor(0.0054, device='cuda:0', grad_fn=<DivBackward0>)"
31,"tensor(0.0050, device='cuda:0', grad_fn=<DivBackward0>)"
32,"tensor(0.0039, device='cuda:0', grad_fn=<DivBackward0>)"
33,"tensor(0.0034, device='cuda:0', grad_fn=<DivBackward0>)"
34,"tensor(0.0045, device='cuda:0', grad_fn=<DivBackward0>)"
35,"tensor(0.0050, device='cuda:0', grad_fn=<DivBackward0>)"
36,"tensor(0.0047, device='cuda:0', grad_fn=<DivBackward0>)"
37,"tensor(0.0059, device='cuda:0', grad_fn=<DivBackward0>)"
38,"tensor(0.0062, device='cuda:0', grad_fn=<DivBackward0>)"
39,"tensor(0.0035, device='cuda:0', grad_fn=<DivBackward0>)"
40,"tensor(0.0076, device='cuda:0', grad_fn=<DivBackward0>)"
41,"tensor(0.0043, device='cuda:0', grad_fn=<DivBackward0>)"
42,"tensor(0.0046, device='cuda:0', grad_fn=<DivBackward0>)"
43,"tensor(0.0037, device='cuda:0', grad_fn=<DivBackward0>)"
44,"tensor(0.0029, device='cuda:0', grad_fn=<DivBackward0>)"
45,"tensor(0.0042, device='cuda:0', grad_fn=<DivBackward0>)"
46,"tensor(0.0082, device='cuda:0', grad_fn=<DivBackward0>)"
47,"tensor(0.0052, device='cuda:0', grad_fn=<DivBackward0>)"
48,"tensor(0.0031, device='cuda:0', grad_fn=<DivBackward0>)"
49,"tensor(0.0043, device='cuda:0', grad_fn=<DivBackward0>)"
50,"tensor(0.0033, device='cuda:0', grad_fn=<DivBackward0>)"
51,"tensor(0.0054, device='cuda:0', grad_fn=<DivBackward0>)"
52,"tensor(0.0031, device='cuda:0', grad_fn=<DivBackward0>)"
53,"tensor(0.0043, device='cuda:0', grad_fn=<DivBackward0>)"
54,"tensor(0.0036, device='cuda:0', grad_fn=<DivBackward0>)"
55,"tensor(0.0043, device='cuda:0', grad_fn=<DivBackward0>)"
56,"tensor(0.0045, device='cuda:0', grad_fn=<DivBackward0>)"
57,"tensor(0.0038, device='cuda:0', grad_fn=<DivBackward0>)"
58,"tensor(0.0036, device='cuda:0', grad_fn=<DivBackward0>)"
59,"tensor(0.0047, device='cuda:0', grad_fn=<DivBackward0>)"
60,"tensor(0.0031, device='cuda:0', grad_fn=<DivBackward0>)"
61,"tensor(0.0045, device='cuda:0', grad_fn=<DivBackward0>)"
62,"tensor(0.0055, device='cuda:0', grad_fn=<DivBackward0>)"
63,"tensor(0.0032, device='cuda:0', grad_fn=<DivBackward0>)"
64,"tensor(0.0045, device='cuda:0', grad_fn=<DivBackward0>)"
65,"tensor(0.0036, device='cuda:0', grad_fn=<DivBackward0>)"
66,"tensor(0.0033, device='cuda:0', grad_fn=<DivBackward0>)"
67,"tensor(0.0051, device='cuda:0', grad_fn=<DivBackward0>)"
68,"tensor(0.0038, device='cuda:0', grad_fn=<DivBackward0>)"
69,"tensor(0.0048, device='cuda:0', grad_fn=<DivBackward0>)"
70,"tensor(0.0057, device='cuda:0', grad_fn=<DivBackward0>)"
71,"tensor(0.0037, device='cuda:0', grad_fn=<DivBackward0>)"
72,"tensor(0.0041, device='cuda:0', grad_fn=<DivBackward0>)"
73,"tensor(0.0025, device='cuda:0', grad_fn=<DivBackward0>)"
74,"tensor(0.0039, device='cuda:0', grad_fn=<DivBackward0>)"
75,"tensor(0.0045, device='cuda:0', grad_fn=<DivBackward0>)"
76,"tensor(0.0034, device='cuda:0', grad_fn=<DivBackward0>)"
77,"tensor(0.0034, device='cuda:0', grad_fn=<DivBackward0>)"
78,"tensor(0.0033, device='cuda:0', grad_fn=<DivBackward0>)"
79,"tensor(0.0037, device='cuda:0', grad_fn=<DivBackward0>)"
80,"tensor(0.0034, device='cuda:0', grad_fn=<DivBackward0>)"
81,"tensor(0.0041, device='cuda:0', grad_fn=<DivBackward0>)"
82,"tensor(0.0051, device='cuda:0', grad_fn=<DivBackward0>)"
83,"tensor(0.0041, device='cuda:0', grad_fn=<DivBackward0>)"
84,"tensor(0.0042, device='cuda:0', grad_fn=<DivBackward0>)"
85,"tensor(0.0037, device='cuda:0', grad_fn=<DivBackward0>)"
86,"tensor(0.0023, device='cuda:0', grad_fn=<DivBackward0>)"
87,"tensor(0.0028, device='cuda:0', grad_fn=<DivBackward0>)"
88,"tensor(0.0028, device='cuda:0', grad_fn=<DivBackward0>)"
89,"tensor(0.0034, device='cuda:0', grad_fn=<DivBackward0>)"
90,"tensor(0.0033, device='cuda:0', grad_fn=<DivBackward0>)"
91,"tensor(0.0044, device='cuda:0', grad_fn=<DivBackward0>)"
92,"tensor(0.0041, device='cuda:0', grad_fn=<DivBackward0>)"
93,"tensor(0.0029, device='cuda:0', grad_fn=<DivBackward0>)"
94,"tensor(0.0045, device='cuda:0', grad_fn=<DivBackward0>)"
95,"tensor(0.0043, device='cuda:0', grad_fn=<DivBackward0>)"
96,"tensor(0.0049, device='cuda:0', grad_fn=<DivBackward0>)"
97,"tensor(0.0027, device='cuda:0', grad_fn=<DivBackward0>)"
98,"tensor(0.0029, device='cuda:0', grad_fn=<DivBackward0>)"
99,"tensor(0.0055, device='cuda:0', grad_fn=<DivBackward0>)"
100,"tensor(0.0037, device='cuda:0', grad_fn=<DivBackward0>)"
101,"tensor(0.0034, device='cuda:0', grad_fn=<DivBackward0>)"
102,"tensor(0.0039, device='cuda:0', grad_fn=<DivBackward0>)"
103,"tensor(0.0037, device='cuda:0', grad_fn=<DivBackward0>)"
104,"tensor(0.0034, device='cuda:0', grad_fn=<DivBackward0>)"
105,"tensor(0.0044, device='cuda:0', grad_fn=<DivBackward0>)"
106,"tensor(0.0041, device='cuda:0', grad_fn=<DivBackward0>)"
107,"tensor(0.0034, device='cuda:0', grad_fn=<DivBackward0>)"
108,"tensor(0.0039, device='cuda:0', grad_fn=<DivBackward0>)"
109,"tensor(0.0049, device='cuda:0', grad_fn=<DivBackward0>)"
110,"tensor(0.0029, device='cuda:0', grad_fn=<DivBackward0>)"
111,"tensor(0.0038, device='cuda:0', grad_fn=<DivBackward0>)"
112,"tensor(0.0049, device='cuda:0', grad_fn=<DivBackward0>)"
113,"tensor(0.0033, device='cuda:0', grad_fn=<DivBackward0>)"
114,"tensor(0.0048, device='cuda:0', grad_fn=<DivBackward0>)"
115,"tensor(0.0069, device='cuda:0', grad_fn=<DivBackward0>)"
116,"tensor(0.0037, device='cuda:0', grad_fn=<DivBackward0>)"
117,"tensor(0.0047, device='cuda:0', grad_fn=<DivBackward0>)"
118,"tensor(0.0034, device='cuda:0', grad_fn=<DivBackward0>)"
119,"tensor(0.0033, device='cuda:0', grad_fn=<DivBackward0>)"
120,"tensor(0.0037, device='cuda:0', grad_fn=<DivBackward0>)"
121,"tensor(0.0049, device='cuda:0', grad_fn=<DivBackward0>)"
122,"tensor(0.0034, device='cuda:0', grad_fn=<DivBackward0>)"
123,"tensor(0.0033, device='cuda:0', grad_fn=<DivBackward0>)"
124,"tensor(0.0048, device='cuda:0', grad_fn=<DivBackward0>)"
125,"tensor(0.0046, device='cuda:0', grad_fn=<DivBackward0>)"
126,"tensor(0.0030, device='cuda:0', grad_fn=<DivBackward0>)"
127,"tensor(0.0044, device='cuda:0', grad_fn=<DivBackward0>)"
128,"tensor(0.0036, device='cuda:0', grad_fn=<DivBackward0>)"
129,"tensor(0.0042, device='cuda:0', grad_fn=<DivBackward0>)"
130,"tensor(0.0037, device='cuda:0', grad_fn=<DivBackward0>)"
131,"tensor(0.0030, device='cuda:0', grad_fn=<DivBackward0>)"
132,"tensor(0.0045, device='cuda:0', grad_fn=<DivBackward0>)"
133,"tensor(0.0025, device='cuda:0', grad_fn=<DivBackward0>)"
134,"tensor(0.0039, device='cuda:0', grad_fn=<DivBackward0>)"
135,"tensor(0.0036, device='cuda:0', grad_fn=<DivBackward0>)"
136,"tensor(0.0034, device='cuda:0', grad_fn=<DivBackward0>)"
137,"tensor(0.0055, device='cuda:0', grad_fn=<DivBackward0>)"
138,"tensor(0.0022, device='cuda:0', grad_fn=<DivBackward0>)"
139,"tensor(0.0045, device='cuda:0', grad_fn=<DivBackward0>)"
140,"tensor(0.0038, device='cuda:0', grad_fn=<DivBackward0>)"
141,"tensor(0.0037, device='cuda:0', grad_fn=<DivBackward0>)"
142,"tensor(0.0034, device='cuda:0', grad_fn=<DivBackward0>)"
143,"tensor(0.0040, device='cuda:0', grad_fn=<DivBackward0>)"
144,"tensor(0.0039, device='cuda:0', grad_fn=<DivBackward0>)"
145,"tensor(0.0036, device='cuda:0', grad_fn=<DivBackward0>)"
146,"tensor(0.0037, device='cuda:0', grad_fn=<DivBackward0>)"
147,"tensor(0.0038, device='cuda:0', grad_fn=<DivBackward0>)"
148,"tensor(0.0035, device='cuda:0', grad_fn=<DivBackward0>)"
149,"tensor(0.0031, device='cuda:0', grad_fn=<DivBackward0>)"
150,"tensor(0.0026, device='cuda:0', grad_fn=<DivBackward0>)"
151,"tensor(0.0042, device='cuda:0', grad_fn=<DivBackward0>)"
152,"tensor(0.0056, device='cuda:0', grad_fn=<DivBackward0>)"
153,"tensor(0.0042, device='cuda:0', grad_fn=<DivBackward0>)"
154,"tensor(0.0048, device='cuda:0', grad_fn=<DivBackward0>)"
155,"tensor(0.0043, device='cuda:0', grad_fn=<DivBackward0>)"
156,"tensor(0.0035, device='cuda:0', grad_fn=<DivBackward0>)"
157,"tensor(0.0029, device='cuda:0', grad_fn=<DivBackward0>)"
158,"tensor(0.0039, device='cuda:0', grad_fn=<DivBackward0>)"
159,"tensor(0.0029, device='cuda:0', grad_fn=<DivBackward0>)"
160,"tensor(0.0036, device='cuda:0', grad_fn=<DivBackward0>)"
161,"tensor(0.0030, device='cuda:0', grad_fn=<DivBackward0>)"
162,"tensor(0.0036, device='cuda:0', grad_fn=<DivBackward0>)"
163,"tensor(0.0028, device='cuda:0', grad_fn=<DivBackward0>)"
164,"tensor(0.0034, device='cuda:0', grad_fn=<DivBackward0>)"
165,"tensor(0.0036, device='cuda:0', grad_fn=<DivBackward0>)"
166,"tensor(0.0036, device='cuda:0', grad_fn=<DivBackward0>)"
167,"tensor(0.0037, device='cuda:0', grad_fn=<DivBackward0>)"
168,"tensor(0.0027, device='cuda:0', grad_fn=<DivBackward0>)"
169,"tensor(0.0040, device='cuda:0', grad_fn=<DivBackward0>)"
170,"tensor(0.0047, device='cuda:0', grad_fn=<DivBackward0>)"
171,"tensor(0.0047, device='cuda:0', grad_fn=<DivBackward0>)"
172,"tensor(0.0031, device='cuda:0', grad_fn=<DivBackward0>)"
173,"tensor(0.0031, device='cuda:0', grad_fn=<DivBackward0>)"
174,"tensor(0.0031, device='cuda:0', grad_fn=<DivBackward0>)"
175,"tensor(0.0045, device='cuda:0', grad_fn=<DivBackward0>)"
176,"tensor(0.0032, device='cuda:0', grad_fn=<DivBackward0>)"
177,"tensor(0.0033, device='cuda:0', grad_fn=<DivBackward0>)"
178,"tensor(0.0031, device='cuda:0', grad_fn=<DivBackward0>)"
179,"tensor(0.0052, device='cuda:0', grad_fn=<DivBackward0>)"
180,"tensor(0.0037, device='cuda:0', grad_fn=<DivBackward0>)"
181,"tensor(0.0043, device='cuda:0', grad_fn=<DivBackward0>)"
182,"tensor(0.0028, device='cuda:0', grad_fn=<DivBackward0>)"
183,"tensor(0.0047, device='cuda:0', grad_fn=<DivBackward0>)"
184,"tensor(0.0031, device='cuda:0', grad_fn=<DivBackward0>)"
185,"tensor(0.0030, device='cuda:0', grad_fn=<DivBackward0>)"
186,"tensor(0.0037, device='cuda:0', grad_fn=<DivBackward0>)"
187,"tensor(0.0035, device='cuda:0', grad_fn=<DivBackward0>)"
188,"tensor(0.0039, device='cuda:0', grad_fn=<DivBackward0>)"
189,"tensor(0.0046, device='cuda:0', grad_fn=<DivBackward0>)"
190,"tensor(0.0031, device='cuda:0', grad_fn=<DivBackward0>)"
191,"tensor(0.0029, device='cuda:0', grad_fn=<DivBackward0>)"
192,"tensor(0.0039, device='cuda:0', grad_fn=<DivBackward0>)"
193,"tensor(0.0034, device='cuda:0', grad_fn=<DivBackward0>)"
194,"tensor(0.0037, device='cuda:0', grad_fn=<DivBackward0>)"
195,"tensor(0.0043, device='cuda:0', grad_fn=<DivBackward0>)"
196,"tensor(0.0043, device='cuda:0', grad_fn=<DivBackward0>)"
197,"tensor(0.0032, device='cuda:0', grad_fn=<DivBackward0>)"
198,"tensor(0.0021, device='cuda:0', grad_fn=<DivBackward0>)"
199,"tensor(0.0035, device='cuda:0', grad_fn=<DivBackward0>)"
200,"tensor(0.0034, device='cuda:0', grad_fn=<DivBackward0>)"
201,"tensor(0.0039, device='cuda:0', grad_fn=<DivBackward0>)"
202,"tensor(0.0034, device='cuda:0', grad_fn=<DivBackward0>)"
203,"tensor(0.0039, device='cuda:0', grad_fn=<DivBackward0>)"
204,"tensor(0.0035, device='cuda:0', grad_fn=<DivBackward0>)"
205,"tensor(0.0032, device='cuda:0', grad_fn=<DivBackward0>)"
206,"tensor(0.0041, device='cuda:0', grad_fn=<DivBackward0>)"
207,"tensor(0.0030, device='cuda:0', grad_fn=<DivBackward0>)"
208,"tensor(0.0036, device='cuda:0', grad_fn=<DivBackward0>)"
209,"tensor(0.0034, device='cuda:0', grad_fn=<DivBackward0>)"
210,"tensor(0.0039, device='cuda:0', grad_fn=<DivBackward0>)"
211,"tensor(0.0036, device='cuda:0', grad_fn=<DivBackward0>)"
212,"tensor(0.0031, device='cuda:0', grad_fn=<DivBackward0>)"
213,"tensor(0.0034, device='cuda:0', grad_fn=<DivBackward0>)"
214,"tensor(0.0039, device='cuda:0', grad_fn=<DivBackward0>)"
215,"tensor(0.0027, device='cuda:0', grad_fn=<DivBackward0>)"
216,"tensor(0.0045, device='cuda:0', grad_fn=<DivBackward0>)"
217,"tensor(0.0040, device='cuda:0', grad_fn=<DivBackward0>)"
218,"tensor(0.0036, device='cuda:0', grad_fn=<DivBackward0>)"
219,"tensor(0.0024, device='cuda:0', grad_fn=<DivBackward0>)"
220,"tensor(0.0042, device='cuda:0', grad_fn=<DivBackward0>)"
221,"tensor(0.0038, device='cuda:0', grad_fn=<DivBackward0>)"
222,"tensor(0.0042, device='cuda:0', grad_fn=<DivBackward0>)"
223,"tensor(0.0039, device='cuda:0', grad_fn=<DivBackward0>)"
224,"tensor(0.0037, device='cuda:0', grad_fn=<DivBackward0>)"
225,"tensor(0.0032, device='cuda:0', grad_fn=<DivBackward0>)"
226,"tensor(0.0051, device='cuda:0', grad_fn=<DivBackward0>)"
227,"tensor(0.0028, device='cuda:0', grad_fn=<DivBackward0>)"
228,"tensor(0.0035, device='cuda:0', grad_fn=<DivBackward0>)"
229,"tensor(0.0039, device='cuda:0', grad_fn=<DivBackward0>)"
230,"tensor(0.0036, device='cuda:0', grad_fn=<DivBackward0>)"
231,"tensor(0.0028, device='cuda:0', grad_fn=<DivBackward0>)"
232,"tensor(0.0045, device='cuda:0', grad_fn=<DivBackward0>)"
233,"tensor(0.0041, device='cuda:0', grad_fn=<DivBackward0>)"
234,"tensor(0.0027, device='cuda:0', grad_fn=<DivBackward0>)"
235,"tensor(0.0039, device='cuda:0', grad_fn=<DivBackward0>)"
236,"tensor(0.0037, device='cuda:0', grad_fn=<DivBackward0>)"
237,"tensor(0.0038, device='cuda:0', grad_fn=<DivBackward0>)"
238,"tensor(0.0029, device='cuda:0', grad_fn=<DivBackward0>)"
239,"tensor(0.0035, device='cuda:0', grad_fn=<DivBackward0>)"
240,"tensor(0.0030, device='cuda:0', grad_fn=<DivBackward0>)"
241,"tensor(0.0037, device='cuda:0', grad_fn=<DivBackward0>)"
242,"tensor(0.0028, device='cuda:0', grad_fn=<DivBackward0>)"
243,"tensor(0.0039, device='cuda:0', grad_fn=<DivBackward0>)"
244,"tensor(0.0049, device='cuda:0', grad_fn=<DivBackward0>)"
245,"tensor(0.0041, device='cuda:0', grad_fn=<DivBackward0>)"
246,"tensor(0.0035, device='cuda:0', grad_fn=<DivBackward0>)"
247,"tensor(0.0044, device='cuda:0', grad_fn=<DivBackward0>)"
248,"tensor(0.0040, device='cuda:0', grad_fn=<DivBackward0>)"
249,"tensor(0.0042, device='cuda:0', grad_fn=<DivBackward0>)"
250,"tensor(0.0032, device='cuda:0', grad_fn=<DivBackward0>)"
251,"tensor(0.0042, device='cuda:0', grad_fn=<DivBackward0>)"
252,"tensor(0.0043, device='cuda:0', grad_fn=<DivBackward0>)"
253,"tensor(0.0035, device='cuda:0', grad_fn=<DivBackward0>)"
254,"tensor(0.0037, device='cuda:0', grad_fn=<DivBackward0>)"
255,"tensor(0.0031, device='cuda:0', grad_fn=<DivBackward0>)"
256,"tensor(0.0041, device='cuda:0', grad_fn=<DivBackward0>)"
257,"tensor(0.0042, device='cuda:0', grad_fn=<DivBackward0>)"
258,"tensor(0.0033, device='cuda:0', grad_fn=<DivBackward0>)"
259,"tensor(0.0044, device='cuda:0', grad_fn=<DivBackward0>)"
260,"tensor(0.0037, device='cuda:0', grad_fn=<DivBackward0>)"
261,"tensor(0.0036, device='cuda:0', grad_fn=<DivBackward0>)"
262,"tensor(0.0044, device='cuda:0', grad_fn=<DivBackward0>)"
263,"tensor(0.0046, device='cuda:0', grad_fn=<DivBackward0>)"
264,"tensor(0.0030, device='cuda:0', grad_fn=<DivBackward0>)"
265,"tensor(0.0029, device='cuda:0', grad_fn=<DivBackward0>)"
266,"tensor(0.0044, device='cuda:0', grad_fn=<DivBackward0>)"
267,"tensor(0.0029, device='cuda:0', grad_fn=<DivBackward0>)"
268,"tensor(0.0030, device='cuda:0', grad_fn=<DivBackward0>)"
269,"tensor(0.0044, device='cuda:0', grad_fn=<DivBackward0>)"
270,"tensor(0.0042, device='cuda:0', grad_fn=<DivBackward0>)"
271,"tensor(0.0035, device='cuda:0', grad_fn=<DivBackward0>)"
272,"tensor(0.0029, device='cuda:0', grad_fn=<DivBackward0>)"
273,"tensor(0.0046, device='cuda:0', grad_fn=<DivBackward0>)"
274,"tensor(0.0046, device='cuda:0', grad_fn=<DivBackward0>)"
275,"tensor(0.0037, device='cuda:0', grad_fn=<DivBackward0>)"
276,"tensor(0.0053, device='cuda:0', grad_fn=<DivBackward0>)"
277,"tensor(0.0045, device='cuda:0', grad_fn=<DivBackward0>)"
278,"tensor(0.0034, device='cuda:0', grad_fn=<DivBackward0>)"
279,"tensor(0.0039, device='cuda:0', grad_fn=<DivBackward0>)"
280,"tensor(0.0034, device='cuda:0', grad_fn=<DivBackward0>)"
281,"tensor(0.0031, device='cuda:0', grad_fn=<DivBackward0>)"
282,"tensor(0.0042, device='cuda:0', grad_fn=<DivBackward0>)"
283,"tensor(0.0034, device='cuda:0', grad_fn=<DivBackward0>)"
284,"tensor(0.0044, device='cuda:0', grad_fn=<DivBackward0>)"
285,"tensor(0.0020, device='cuda:0', grad_fn=<DivBackward0>)"
286,"tensor(0.0042, device='cuda:0', grad_fn=<DivBackward0>)"
287,"tensor(0.0034, device='cuda:0', grad_fn=<DivBackward0>)"
288,"tensor(0.0028, device='cuda:0', grad_fn=<DivBackward0>)"
289,"tensor(0.0029, device='cuda:0', grad_fn=<DivBackward0>)"
290,"tensor(0.0035, device='cuda:0', grad_fn=<DivBackward0>)"
291,"tensor(0.0027, device='cuda:0', grad_fn=<DivBackward0>)"
292,"tensor(0.0053, device='cuda:0', grad_fn=<DivBackward0>)"
293,"tensor(0.0050, device='cuda:0', grad_fn=<DivBackward0>)"
294,"tensor(0.0033, device='cuda:0', grad_fn=<DivBackward0>)"
295,"tensor(0.0028, device='cuda:0', grad_fn=<DivBackward0>)"
296,"tensor(0.0049, device='cuda:0', grad_fn=<DivBackward0>)"
297,"tensor(0.0029, device='cuda:0', grad_fn=<DivBackward0>)"
298,"tensor(0.0029, device='cuda:0', grad_fn=<DivBackward0>)"
299,"tensor(0.0041, device='cuda:0', grad_fn=<DivBackward0>)"
300,"tensor(0.0032, device='cuda:0', grad_fn=<DivBackward0>)"
301,"tensor(0.0044, device='cuda:0', grad_fn=<DivBackward0>)"
302,"tensor(0.0042, device='cuda:0', grad_fn=<DivBackward0>)"
303,"tensor(0.0036, device='cuda:0', grad_fn=<DivBackward0>)"
304,"tensor(0.0035, device='cuda:0', grad_fn=<DivBackward0>)"
305,"tensor(0.0037, device='cuda:0', grad_fn=<DivBackward0>)"
306,"tensor(0.0033, device='cuda:0', grad_fn=<DivBackward0>)"
307,"tensor(0.0045, device='cuda:0', grad_fn=<DivBackward0>)"
308,"tensor(0.0033, device='cuda:0', grad_fn=<DivBackward0>)"
309,"tensor(0.0042, device='cuda:0', grad_fn=<DivBackward0>)"
310,"tensor(0.0029, device='cuda:0', grad_fn=<DivBackward0>)"
311,"tensor(0.0036, device='cuda:0', grad_fn=<DivBackward0>)"
312,"tensor(0.0046, device='cuda:0', grad_fn=<DivBackward0>)"
313,"tensor(0.0038, device='cuda:0', grad_fn=<DivBackward0>)"
314,"tensor(0.0037, device='cuda:0', grad_fn=<DivBackward0>)"
315,"tensor(0.0037, device='cuda:0', grad_fn=<DivBackward0>)"
316,"tensor(0.0026, device='cuda:0', grad_fn=<DivBackward0>)"
317,"tensor(0.0032, device='cuda:0', grad_fn=<DivBackward0>)"
318,"tensor(0.0042, device='cuda:0', grad_fn=<DivBackward0>)"
319,"tensor(0.0025, device='cuda:0', grad_fn=<DivBackward0>)"
320,"tensor(0.0039, device='cuda:0', grad_fn=<DivBackward0>)"
321,"tensor(0.0039, device='cuda:0', grad_fn=<DivBackward0>)"
322,"tensor(0.0037, device='cuda:0', grad_fn=<DivBackward0>)"
323,"tensor(0.0023, device='cuda:0', grad_fn=<DivBackward0>)"
324,"tensor(0.0032, device='cuda:0', grad_fn=<DivBackward0>)"
325,"tensor(0.0036, device='cuda:0', grad_fn=<DivBackward0>)"
326,"tensor(0.0035, device='cuda:0', grad_fn=<DivBackward0>)"
327,"tensor(0.0039, device='cuda:0', grad_fn=<DivBackward0>)"
328,"tensor(0.0031, device='cuda:0', grad_fn=<DivBackward0>)"
329,"tensor(0.0040, device='cuda:0', grad_fn=<DivBackward0>)"
330,"tensor(0.0041, device='cuda:0', grad_fn=<DivBackward0>)"
331,"tensor(0.0034, device='cuda:0', grad_fn=<DivBackward0>)"
332,"tensor(0.0046, device='cuda:0', grad_fn=<DivBackward0>)"
333,"tensor(0.0038, device='cuda:0', grad_fn=<DivBackward0>)"
334,"tensor(0.0045, device='cuda:0', grad_fn=<DivBackward0>)"
335,"tensor(0.0037, device='cuda:0', grad_fn=<DivBackward0>)"
336,"tensor(0.0030, device='cuda:0', grad_fn=<DivBackward0>)"
337,"tensor(0.0043, device='cuda:0', grad_fn=<DivBackward0>)"
338,"tensor(0.0049, device='cuda:0', grad_fn=<DivBackward0>)"
339,"tensor(0.0037, device='cuda:0', grad_fn=<DivBackward0>)"
340,"tensor(0.0043, device='cuda:0', grad_fn=<DivBackward0>)"
341,"tensor(0.0046, device='cuda:0', grad_fn=<DivBackward0>)"
342,"tensor(0.0032, device='cuda:0', grad_fn=<DivBackward0>)"
343,"tensor(0.0041, device='cuda:0', grad_fn=<DivBackward0>)"
344,"tensor(0.0038, device='cuda:0', grad_fn=<DivBackward0>)"
345,"tensor(0.0031, device='cuda:0', grad_fn=<DivBackward0>)"
346,"tensor(0.0037, device='cuda:0', grad_fn=<DivBackward0>)"
347,"tensor(0.0041, device='cuda:0', grad_fn=<DivBackward0>)"
348,"tensor(0.0032, device='cuda:0', grad_fn=<DivBackward0>)"
349,"tensor(0.0046, device='cuda:0', grad_fn=<DivBackward0>)"
350,"tensor(0.0037, device='cuda:0', grad_fn=<DivBackward0>)"
351,"tensor(0.0046, device='cuda:0', grad_fn=<DivBackward0>)"
352,"tensor(0.0040, device='cuda:0', grad_fn=<DivBackward0>)"
353,"tensor(0.0039, device='cuda:0', grad_fn=<DivBackward0>)"
354,"tensor(0.0026, device='cuda:0', grad_fn=<DivBackward0>)"
355,"tensor(0.0040, device='cuda:0', grad_fn=<DivBackward0>)"
356,"tensor(0.0050, device='cuda:0', grad_fn=<DivBackward0>)"
357,"tensor(0.0041, device='cuda:0', grad_fn=<DivBackward0>)"
358,"tensor(0.0050, device='cuda:0', grad_fn=<DivBackward0>)"
359,"tensor(0.0038, device='cuda:0', grad_fn=<DivBackward0>)"
360,"tensor(0.0046, device='cuda:0', grad_fn=<DivBackward0>)"
361,"tensor(0.0035, device='cuda:0', grad_fn=<DivBackward0>)"
362,"tensor(0.0029, device='cuda:0', grad_fn=<DivBackward0>)"
363,"tensor(0.0039, device='cuda:0', grad_fn=<DivBackward0>)"
364,"tensor(0.0049, device='cuda:0', grad_fn=<DivBackward0>)"
365,"tensor(0.0034, device='cuda:0', grad_fn=<DivBackward0>)"
366,"tensor(0.0036, device='cuda:0', grad_fn=<DivBackward0>)"
367,"tensor(0.0039, device='cuda:0', grad_fn=<DivBackward0>)"
368,"tensor(0.0038, device='cuda:0', grad_fn=<DivBackward0>)"
369,"tensor(0.0032, device='cuda:0', grad_fn=<DivBackward0>)"
370,"tensor(0.0029, device='cuda:0', grad_fn=<DivBackward0>)"
371,"tensor(0.0032, device='cuda:0', grad_fn=<DivBackward0>)"
372,"tensor(0.0032, device='cuda:0', grad_fn=<DivBackward0>)"
373,"tensor(0.0043, device='cuda:0', grad_fn=<DivBackward0>)"
374,"tensor(0.0029, device='cuda:0', grad_fn=<DivBackward0>)"
375,"tensor(0.0040, device='cuda:0', grad_fn=<DivBackward0>)"
376,"tensor(0.0043, device='cuda:0', grad_fn=<DivBackward0>)"
377,"tensor(0.0035, device='cuda:0', grad_fn=<DivBackward0>)"
378,"tensor(0.0027, device='cuda:0', grad_fn=<DivBackward0>)"
379,"tensor(0.0030, device='cuda:0', grad_fn=<DivBackward0>)"
380,"tensor(0.0043, device='cuda:0', grad_fn=<DivBackward0>)"
381,"tensor(0.0036, device='cuda:0', grad_fn=<DivBackward0>)"
382,"tensor(0.0037, device='cuda:0', grad_fn=<DivBackward0>)"
383,"tensor(0.0032, device='cuda:0', grad_fn=<DivBackward0>)"
384,"tensor(0.0027, device='cuda:0', grad_fn=<DivBackward0>)"
385,"tensor(0.0031, device='cuda:0', grad_fn=<DivBackward0>)"
386,"tensor(0.0041, device='cuda:0', grad_fn=<DivBackward0>)"
387,"tensor(0.0021, device='cuda:0', grad_fn=<DivBackward0>)"
388,"tensor(0.0035, device='cuda:0', grad_fn=<DivBackward0>)"
389,"tensor(0.0038, device='cuda:0', grad_fn=<DivBackward0>)"
390,"tensor(0.0042, device='cuda:0', grad_fn=<DivBackward0>)"
391,"tensor(0.0061, device='cuda:0', grad_fn=<DivBackward0>)"
392,"tensor(0.0031, device='cuda:0', grad_fn=<DivBackward0>)"
393,"tensor(0.0033, device='cuda:0', grad_fn=<DivBackward0>)"
394,"tensor(0.0039, device='cuda:0', grad_fn=<DivBackward0>)"
395,"tensor(0.0025, device='cuda:0', grad_fn=<DivBackward0>)"
396,"tensor(0.0026, device='cuda:0', grad_fn=<DivBackward0>)"
397,"tensor(0.0024, device='cuda:0', grad_fn=<DivBackward0>)"
398,"tensor(0.0041, device='cuda:0', grad_fn=<DivBackward0>)"
399,"tensor(0.0035, device='cuda:0', grad_fn=<DivBackward0>)"
400,"tensor(0.0038, device='cuda:0', grad_fn=<DivBackward0>)"
401,"tensor(0.0030, device='cuda:0', grad_fn=<DivBackward0>)"
402,"tensor(0.0049, device='cuda:0', grad_fn=<DivBackward0>)"
403,"tensor(0.0034, device='cuda:0', grad_fn=<DivBackward0>)"
404,"tensor(0.0030, device='cuda:0', grad_fn=<DivBackward0>)"
405,"tensor(0.0048, device='cuda:0', grad_fn=<DivBackward0>)"
406,"tensor(0.0039, device='cuda:0', grad_fn=<DivBackward0>)"
407,"tensor(0.0041, device='cuda:0', grad_fn=<DivBackward0>)"
408,"tensor(0.0029, device='cuda:0', grad_fn=<DivBackward0>)"
409,"tensor(0.0026, device='cuda:0', grad_fn=<DivBackward0>)"
410,"tensor(0.0040, device='cuda:0', grad_fn=<DivBackward0>)"
411,"tensor(0.0044, device='cuda:0', grad_fn=<DivBackward0>)"
412,"tensor(0.0027, device='cuda:0', grad_fn=<DivBackward0>)"
413,"tensor(0.0040, device='cuda:0', grad_fn=<DivBackward0>)"
414,"tensor(0.0035, device='cuda:0', grad_fn=<DivBackward0>)"
415,"tensor(0.0033, device='cuda:0', grad_fn=<DivBackward0>)"
416,"tensor(0.0038, device='cuda:0', grad_fn=<DivBackward0>)"
417,"tensor(0.0038, device='cuda:0', grad_fn=<DivBackward0>)"
418,"tensor(0.0032, device='cuda:0', grad_fn=<DivBackward0>)"
419,"tensor(0.0053, device='cuda:0', grad_fn=<DivBackward0>)"
420,"tensor(0.0055, device='cuda:0', grad_fn=<DivBackward0>)"
421,"tensor(0.0044, device='cuda:0', grad_fn=<DivBackward0>)"
422,"tensor(0.0027, device='cuda:0', grad_fn=<DivBackward0>)"
423,"tensor(0.0029, device='cuda:0', grad_fn=<DivBackward0>)"
424,"tensor(0.0038, device='cuda:0', grad_fn=<DivBackward0>)"
425,"tensor(0.0034, device='cuda:0', grad_fn=<DivBackward0>)"
426,"tensor(0.0037, device='cuda:0', grad_fn=<DivBackward0>)"
427,"tensor(0.0040, device='cuda:0', grad_fn=<DivBackward0>)"
428,"tensor(0.0035, device='cuda:0', grad_fn=<DivBackward0>)"
429,"tensor(0.0039, device='cuda:0', grad_fn=<DivBackward0>)"
430,"tensor(0.0035, device='cuda:0', grad_fn=<DivBackward0>)"
431,"tensor(0.0039, device='cuda:0', grad_fn=<DivBackward0>)"
432,"tensor(0.0040, device='cuda:0', grad_fn=<DivBackward0>)"
433,"tensor(0.0032, device='cuda:0', grad_fn=<DivBackward0>)"
434,"tensor(0.0032, device='cuda:0', grad_fn=<DivBackward0>)"
435,"tensor(0.0025, device='cuda:0', grad_fn=<DivBackward0>)"
436,"tensor(0.0050, device='cuda:0', grad_fn=<DivBackward0>)"
437,"tensor(0.0030, device='cuda:0', grad_fn=<DivBackward0>)"
438,"tensor(0.0038, device='cuda:0', grad_fn=<DivBackward0>)"
439,"tensor(0.0042, device='cuda:0', grad_fn=<DivBackward0>)"
440,"tensor(0.0037, device='cuda:0', grad_fn=<DivBackward0>)"
441,"tensor(0.0028, device='cuda:0', grad_fn=<DivBackward0>)"
442,"tensor(0.0035, device='cuda:0', grad_fn=<DivBackward0>)"
443,"tensor(0.0039, device='cuda:0', grad_fn=<DivBackward0>)"
444,"tensor(0.0044, device='cuda:0', grad_fn=<DivBackward0>)"
445,"tensor(0.0043, device='cuda:0', grad_fn=<DivBackward0>)"
446,"tensor(0.0040, device='cuda:0', grad_fn=<DivBackward0>)"
447,"tensor(0.0037, device='cuda:0', grad_fn=<DivBackward0>)"
448,"tensor(0.0041, device='cuda:0', grad_fn=<DivBackward0>)"
449,"tensor(0.0045, device='cuda:0', grad_fn=<DivBackward0>)"
450,"tensor(0.0037, device='cuda:0', grad_fn=<DivBackward0>)"
451,"tensor(0.0029, device='cuda:0', grad_fn=<DivBackward0>)"
452,"tensor(0.0042, device='cuda:0', grad_fn=<DivBackward0>)"
453,"tensor(0.0041, device='cuda:0', grad_fn=<DivBackward0>)"
454,"tensor(0.0027, device='cuda:0', grad_fn=<DivBackward0>)"
455,"tensor(0.0041, device='cuda:0', grad_fn=<DivBackward0>)"
456,"tensor(0.0032, device='cuda:0', grad_fn=<DivBackward0>)"
457,"tensor(0.0034, device='cuda:0', grad_fn=<DivBackward0>)"
458,"tensor(0.0033, device='cuda:0', grad_fn=<DivBackward0>)"
459,"tensor(0.0032, device='cuda:0', grad_fn=<DivBackward0>)"
460,"tensor(0.0039, device='cuda:0', grad_fn=<DivBackward0>)"
461,"tensor(0.0042, device='cuda:0', grad_fn=<DivBackward0>)"
462,"tensor(0.0026, device='cuda:0', grad_fn=<DivBackward0>)"
463,"tensor(0.0027, device='cuda:0', grad_fn=<DivBackward0>)"
464,"tensor(0.0032, device='cuda:0', grad_fn=<DivBackward0>)"
465,"tensor(0.0032, device='cuda:0', grad_fn=<DivBackward0>)"
466,"tensor(0.0026, device='cuda:0', grad_fn=<DivBackward0>)"
467,"tensor(0.0036, device='cuda:0', grad_fn=<DivBackward0>)"
468,"tensor(0.0044, device='cuda:0', grad_fn=<DivBackward0>)"
469,"tensor(0.0040, device='cuda:0', grad_fn=<DivBackward0>)"
470,"tensor(0.0043, device='cuda:0', grad_fn=<DivBackward0>)"
471,"tensor(0.0035, device='cuda:0', grad_fn=<DivBackward0>)"
472,"tensor(0.0051, device='cuda:0', grad_fn=<DivBackward0>)"
473,"tensor(0.0044, device='cuda:0', grad_fn=<DivBackward0>)"
474,"tensor(0.0028, device='cuda:0', grad_fn=<DivBackward0>)"
475,"tensor(0.0046, device='cuda:0', grad_fn=<DivBackward0>)"
476,"tensor(0.0029, device='cuda:0', grad_fn=<DivBackward0>)"
477,"tensor(0.0044, device='cuda:0', grad_fn=<DivBackward0>)"
478,"tensor(0.0042, device='cuda:0', grad_fn=<DivBackward0>)"
479,"tensor(0.0034, device='cuda:0', grad_fn=<DivBackward0>)"
480,"tensor(0.0037, device='cuda:0', grad_fn=<DivBackward0>)"
481,"tensor(0.0034, device='cuda:0', grad_fn=<DivBackward0>)"
482,"tensor(0.0038, device='cuda:0', grad_fn=<DivBackward0>)"
483,"tensor(0.0038, device='cuda:0', grad_fn=<DivBackward0>)"
484,"tensor(0.0033, device='cuda:0', grad_fn=<DivBackward0>)"
485,"tensor(0.0032, device='cuda:0', grad_fn=<DivBackward0>)"
486,"tensor(0.0026, device='cuda:0', grad_fn=<DivBackward0>)"
487,"tensor(0.0040, device='cuda:0', grad_fn=<DivBackward0>)"
488,"tensor(0.0042, device='cuda:0', grad_fn=<DivBackward0>)"
489,"tensor(0.0033, device='cuda:0', grad_fn=<DivBackward0>)"
490,"tensor(0.0036, device='cuda:0', grad_fn=<DivBackward0>)"
491,"tensor(0.0027, device='cuda:0', grad_fn=<DivBackward0>)"
492,"tensor(0.0035, device='cuda:0', grad_fn=<DivBackward0>)"
493,"tensor(0.0039, device='cuda:0', grad_fn=<DivBackward0>)"
494,"tensor(0.0040, device='cuda:0', grad_fn=<DivBackward0>)"
495,"tensor(0.0026, device='cuda:0', grad_fn=<DivBackward0>)"
496,"tensor(0.0043, device='cuda:0', grad_fn=<DivBackward0>)"
497,"tensor(0.0039, device='cuda:0', grad_fn=<DivBackward0>)"
498,"tensor(0.0043, device='cuda:0', grad_fn=<DivBackward0>)"
499,"tensor(0.0032, device='cuda:0', grad_fn=<DivBackward0>)"
500,"tensor(0.0034, device='cuda:0', grad_fn=<DivBackward0>)"
501,"tensor(0.0032, device='cuda:0', grad_fn=<DivBackward0>)"
502,"tensor(0.0033, device='cuda:0', grad_fn=<DivBackward0>)"
503,"tensor(0.0038, device='cuda:0', grad_fn=<DivBackward0>)"
504,"tensor(0.0030, device='cuda:0', grad_fn=<DivBackward0>)"
505,"tensor(0.0033, device='cuda:0', grad_fn=<DivBackward0>)"
506,"tensor(0.0037, device='cuda:0', grad_fn=<DivBackward0>)"
507,"tensor(0.0048, device='cuda:0', grad_fn=<DivBackward0>)"
508,"tensor(0.0028, device='cuda:0', grad_fn=<DivBackward0>)"
509,"tensor(0.0029, device='cuda:0', grad_fn=<DivBackward0>)"
510,"tensor(0.0039, device='cuda:0', grad_fn=<DivBackward0>)"
511,"tensor(0.0034, device='cuda:0', grad_fn=<DivBackward0>)"
512,"tensor(0.0028, device='cuda:0', grad_fn=<DivBackward0>)"
513,"tensor(0.0030, device='cuda:0', grad_fn=<DivBackward0>)"
514,"tensor(0.0028, device='cuda:0', grad_fn=<DivBackward0>)"
515,"tensor(0.0047, device='cuda:0', grad_fn=<DivBackward0>)"
516,"tensor(0.0047, device='cuda:0', grad_fn=<DivBackward0>)"
517,"tensor(0.0032, device='cuda:0', grad_fn=<DivBackward0>)"
518,"tensor(0.0053, device='cuda:0', grad_fn=<DivBackward0>)"
519,"tensor(0.0033, device='cuda:0', grad_fn=<DivBackward0>)"
520,"tensor(0.0039, device='cuda:0', grad_fn=<DivBackward0>)"
521,"tensor(0.0025, device='cuda:0', grad_fn=<DivBackward0>)"
522,"tensor(0.0036, device='cuda:0', grad_fn=<DivBackward0>)"
523,"tensor(0.0043, device='cuda:0', grad_fn=<DivBackward0>)"
524,"tensor(0.0031, device='cuda:0', grad_fn=<DivBackward0>)"
525,"tensor(0.0029, device='cuda:0', grad_fn=<DivBackward0>)"
526,"tensor(0.0033, device='cuda:0', grad_fn=<DivBackward0>)"
527,"tensor(0.0034, device='cuda:0', grad_fn=<DivBackward0>)"
528,"tensor(0.0036, device='cuda:0', grad_fn=<DivBackward0>)"
529,"tensor(0.0034, device='cuda:0', grad_fn=<DivBackward0>)"
530,"tensor(0.0037, device='cuda:0', grad_fn=<DivBackward0>)"
531,"tensor(0.0034, device='cuda:0', grad_fn=<DivBackward0>)"
532,"tensor(0.0035, device='cuda:0', grad_fn=<DivBackward0>)"
533,"tensor(0.0047, device='cuda:0', grad_fn=<DivBackward0>)"
534,"tensor(0.0031, device='cuda:0', grad_fn=<DivBackward0>)"
535,"tensor(0.0026, device='cuda:0', grad_fn=<DivBackward0>)"
536,"tensor(0.0041, device='cuda:0', grad_fn=<DivBackward0>)"
537,"tensor(0.0041, device='cuda:0', grad_fn=<DivBackward0>)"
538,"tensor(0.0025, device='cuda:0', grad_fn=<DivBackward0>)"
539,"tensor(0.0028, device='cuda:0', grad_fn=<DivBackward0>)"
540,"tensor(0.0037, device='cuda:0', grad_fn=<DivBackward0>)"
541,"tensor(0.0028, device='cuda:0', grad_fn=<DivBackward0>)"
542,"tensor(0.0033, device='cuda:0', grad_fn=<DivBackward0>)"
543,"tensor(0.0046, device='cuda:0', grad_fn=<DivBackward0>)"
544,"tensor(0.0046, device='cuda:0', grad_fn=<DivBackward0>)"
545,"tensor(0.0028, device='cuda:0', grad_fn=<DivBackward0>)"
546,"tensor(0.0030, device='cuda:0', grad_fn=<DivBackward0>)"
547,"tensor(0.0040, device='cuda:0', grad_fn=<DivBackward0>)"
548,"tensor(0.0033, device='cuda:0', grad_fn=<DivBackward0>)"
549,"tensor(0.0039, device='cuda:0', grad_fn=<DivBackward0>)"
550,"tensor(0.0034, device='cuda:0', grad_fn=<DivBackward0>)"
551,"tensor(0.0041, device='cuda:0', grad_fn=<DivBackward0>)"
552,"tensor(0.0037, device='cuda:0', grad_fn=<DivBackward0>)"
553,"tensor(0.0032, device='cuda:0', grad_fn=<DivBackward0>)"
554,"tensor(0.0048, device='cuda:0', grad_fn=<DivBackward0>)"
555,"tensor(0.0044, device='cuda:0', grad_fn=<DivBackward0>)"
556,"tensor(0.0035, device='cuda:0', grad_fn=<DivBackward0>)"
557,"tensor(0.0053, device='cuda:0', grad_fn=<DivBackward0>)"
558,"tensor(0.0040, device='cuda:0', grad_fn=<DivBackward0>)"
559,"tensor(0.0045, device='cuda:0', grad_fn=<DivBackward0>)"
560,"tensor(0.0028, device='cuda:0', grad_fn=<DivBackward0>)"
561,"tensor(0.0049, device='cuda:0', grad_fn=<DivBackward0>)"
562,"tensor(0.0041, device='cuda:0', grad_fn=<DivBackward0>)"
563,"tensor(0.0032, device='cuda:0', grad_fn=<DivBackward0>)"
564,"tensor(0.0041, device='cuda:0', grad_fn=<DivBackward0>)"
565,"tensor(0.0041, device='cuda:0', grad_fn=<DivBackward0>)"
566,"tensor(0.0050, device='cuda:0', grad_fn=<DivBackward0>)"
567,"tensor(0.0045, device='cuda:0', grad_fn=<DivBackward0>)"
568,"tensor(0.0034, device='cuda:0', grad_fn=<DivBackward0>)"
569,"tensor(0.0042, device='cuda:0', grad_fn=<DivBackward0>)"
570,"tensor(0.0034, device='cuda:0', grad_fn=<DivBackward0>)"
571,"tensor(0.0033, device='cuda:0', grad_fn=<DivBackward0>)"
572,"tensor(0.0041, device='cuda:0', grad_fn=<DivBackward0>)"
573,"tensor(0.0038, device='cuda:0', grad_fn=<DivBackward0>)"
574,"tensor(0.0038, device='cuda:0', grad_fn=<DivBackward0>)"
575,"tensor(0.0032, device='cuda:0', grad_fn=<DivBackward0>)"
576,"tensor(0.0039, device='cuda:0', grad_fn=<DivBackward0>)"
577,"tensor(0.0029, device='cuda:0', grad_fn=<DivBackward0>)"
578,"tensor(0.0042, device='cuda:0', grad_fn=<DivBackward0>)"
579,"tensor(0.0029, device='cuda:0', grad_fn=<DivBackward0>)"
580,"tensor(0.0033, device='cuda:0', grad_fn=<DivBackward0>)"
581,"tensor(0.0028, device='cuda:0', grad_fn=<DivBackward0>)"
582,"tensor(0.0036, device='cuda:0', grad_fn=<DivBackward0>)"
583,"tensor(0.0038, device='cuda:0', grad_fn=<DivBackward0>)"
584,"tensor(0.0029, device='cuda:0', grad_fn=<DivBackward0>)"
585,"tensor(0.0029, device='cuda:0', grad_fn=<DivBackward0>)"
586,"tensor(0.0028, device='cuda:0', grad_fn=<DivBackward0>)"
587,"tensor(0.0035, device='cuda:0', grad_fn=<DivBackward0>)"
588,"tensor(0.0029, device='cuda:0', grad_fn=<DivBackward0>)"
589,"tensor(0.0027, device='cuda:0', grad_fn=<DivBackward0>)"
590,"tensor(0.0045, device='cuda:0', grad_fn=<DivBackward0>)"
591,"tensor(0.0037, device='cuda:0', grad_fn=<DivBackward0>)"
592,"tensor(0.0031, device='cuda:0', grad_fn=<DivBackward0>)"
593,"tensor(0.0040, device='cuda:0', grad_fn=<DivBackward0>)"
594,"tensor(0.0040, device='cuda:0', grad_fn=<DivBackward0>)"
595,"tensor(0.0032, device='cuda:0', grad_fn=<DivBackward0>)"
596,"tensor(0.0030, device='cuda:0', grad_fn=<DivBackward0>)"
597,"tensor(0.0037, device='cuda:0', grad_fn=<DivBackward0>)"
598,"tensor(0.0026, device='cuda:0', grad_fn=<DivBackward0>)"
599,"tensor(0.0031, device='cuda:0', grad_fn=<DivBackward0>)"
600,"tensor(0.0033, device='cuda:0', grad_fn=<DivBackward0>)"
601,"tensor(0.0045, device='cuda:0', grad_fn=<DivBackward0>)"
602,"tensor(0.0031, device='cuda:0', grad_fn=<DivBackward0>)"
603,"tensor(0.0031, device='cuda:0', grad_fn=<DivBackward0>)"
604,"tensor(0.0032, device='cuda:0', grad_fn=<DivBackward0>)"
605,"tensor(0.0033, device='cuda:0', grad_fn=<DivBackward0>)"
606,"tensor(0.0031, device='cuda:0', grad_fn=<DivBackward0>)"
607,"tensor(0.0034, device='cuda:0', grad_fn=<DivBackward0>)"
608,"tensor(0.0028, device='cuda:0', grad_fn=<DivBackward0>)"
609,"tensor(0.0038, device='cuda:0', grad_fn=<DivBackward0>)"
610,"tensor(0.0030, device='cuda:0', grad_fn=<DivBackward0>)"
611,"tensor(0.0037, device='cuda:0', grad_fn=<DivBackward0>)"
612,"tensor(0.0033, device='cuda:0', grad_fn=<DivBackward0>)"
613,"tensor(0.0037, device='cuda:0', grad_fn=<DivBackward0>)"
614,"tensor(0.0039, device='cuda:0', grad_fn=<DivBackward0>)"
615,"tensor(0.0048, device='cuda:0', grad_fn=<DivBackward0>)"
616,"tensor(0.0044, device='cuda:0', grad_fn=<DivBackward0>)"
617,"tensor(0.0037, device='cuda:0', grad_fn=<DivBackward0>)"
618,"tensor(0.0039, device='cuda:0', grad_fn=<DivBackward0>)"
619,"tensor(0.0049, device='cuda:0', grad_fn=<DivBackward0>)"
620,"tensor(0.0032, device='cuda:0', grad_fn=<DivBackward0>)"
621,"tensor(0.0026, device='cuda:0', grad_fn=<DivBackward0>)"
622,"tensor(0.0032, device='cuda:0', grad_fn=<DivBackward0>)"
623,"tensor(0.0048, device='cuda:0', grad_fn=<DivBackward0>)"
624,"tensor(0.0041, device='cuda:0', grad_fn=<DivBackward0>)"
625,"tensor(0.0035, device='cuda:0', grad_fn=<DivBackward0>)"
626,"tensor(0.0040, device='cuda:0', grad_fn=<DivBackward0>)"
627,"tensor(0.0036, device='cuda:0', grad_fn=<DivBackward0>)"
628,"tensor(0.0029, device='cuda:0', grad_fn=<DivBackward0>)"
629,"tensor(0.0047, device='cuda:0', grad_fn=<DivBackward0>)"
630,"tensor(0.0029, device='cuda:0', grad_fn=<DivBackward0>)"
631,"tensor(0.0027, device='cuda:0', grad_fn=<DivBackward0>)"
632,"tensor(0.0040, device='cuda:0', grad_fn=<DivBackward0>)"
633,"tensor(0.0051, device='cuda:0', grad_fn=<DivBackward0>)"
634,"tensor(0.0045, device='cuda:0', grad_fn=<DivBackward0>)"
635,"tensor(0.0026, device='cuda:0', grad_fn=<DivBackward0>)"
636,"tensor(0.0038, device='cuda:0', grad_fn=<DivBackward0>)"
637,"tensor(0.0036, device='cuda:0', grad_fn=<DivBackward0>)"
638,"tensor(0.0047, device='cuda:0', grad_fn=<DivBackward0>)"
639,"tensor(0.0039, device='cuda:0', grad_fn=<DivBackward0>)"
640,"tensor(0.0044, device='cuda:0', grad_fn=<DivBackward0>)"
641,"tensor(0.0046, device='cuda:0', grad_fn=<DivBackward0>)"
642,"tensor(0.0041, device='cuda:0', grad_fn=<DivBackward0>)"
643,"tensor(0.0029, device='cuda:0', grad_fn=<DivBackward0>)"
644,"tensor(0.0032, device='cuda:0', grad_fn=<DivBackward0>)"
645,"tensor(0.0042, device='cuda:0', grad_fn=<DivBackward0>)"
646,"tensor(0.0041, device='cuda:0', grad_fn=<DivBackward0>)"
647,"tensor(0.0035, device='cuda:0', grad_fn=<DivBackward0>)"
648,"tensor(0.0031, device='cuda:0', grad_fn=<DivBackward0>)"
649,"tensor(0.0033, device='cuda:0', grad_fn=<DivBackward0>)"
650,"tensor(0.0031, device='cuda:0', grad_fn=<DivBackward0>)"
651,"tensor(0.0035, device='cuda:0', grad_fn=<DivBackward0>)"
652,"tensor(0.0048, device='cuda:0', grad_fn=<DivBackward0>)"
653,"tensor(0.0044, device='cuda:0', grad_fn=<DivBackward0>)"
654,"tensor(0.0025, device='cuda:0', grad_fn=<DivBackward0>)"
655,"tensor(0.0029, device='cuda:0', grad_fn=<DivBackward0>)"
656,"tensor(0.0036, device='cuda:0', grad_fn=<DivBackward0>)"
657,"tensor(0.0034, device='cuda:0', grad_fn=<DivBackward0>)"
658,"tensor(0.0042, device='cuda:0', grad_fn=<DivBackward0>)"
659,"tensor(0.0046, device='cuda:0', grad_fn=<DivBackward0>)"
660,"tensor(0.0027, device='cuda:0', grad_fn=<DivBackward0>)"
661,"tensor(0.0034, device='cuda:0', grad_fn=<DivBackward0>)"
662,"tensor(0.0044, device='cuda:0', grad_fn=<DivBackward0>)"
663,"tensor(0.0040, device='cuda:0', grad_fn=<DivBackward0>)"
664,"tensor(0.0026, device='cuda:0', grad_fn=<DivBackward0>)"
665,"tensor(0.0028, device='cuda:0', grad_fn=<DivBackward0>)"
666,"tensor(0.0026, device='cuda:0', grad_fn=<DivBackward0>)"
667,"tensor(0.0046, device='cuda:0', grad_fn=<DivBackward0>)"
668,"tensor(0.0033, device='cuda:0', grad_fn=<DivBackward0>)"
669,"tensor(0.0032, device='cuda:0', grad_fn=<DivBackward0>)"
670,"tensor(0.0025, device='cuda:0', grad_fn=<DivBackward0>)"
671,"tensor(0.0028, device='cuda:0', grad_fn=<DivBackward0>)"
672,"tensor(0.0033, device='cuda:0', grad_fn=<DivBackward0>)"
673,"tensor(0.0029, device='cuda:0', grad_fn=<DivBackward0>)"
674,"tensor(0.0035, device='cuda:0', grad_fn=<DivBackward0>)"
675,"tensor(0.0034, device='cuda:0', grad_fn=<DivBackward0>)"
676,"tensor(0.0026, device='cuda:0', grad_fn=<DivBackward0>)"
677,"tensor(0.0028, device='cuda:0', grad_fn=<DivBackward0>)"
678,"tensor(0.0043, device='cuda:0', grad_fn=<DivBackward0>)"
679,"tensor(0.0031, device='cuda:0', grad_fn=<DivBackward0>)"
680,"tensor(0.0033, device='cuda:0', grad_fn=<DivBackward0>)"
681,"tensor(0.0039, device='cuda:0', grad_fn=<DivBackward0>)"
682,"tensor(0.0040, device='cuda:0', grad_fn=<DivBackward0>)"
683,"tensor(0.0041, device='cuda:0', grad_fn=<DivBackward0>)"
684,"tensor(0.0037, device='cuda:0', grad_fn=<DivBackward0>)"
685,"tensor(0.0046, device='cuda:0', grad_fn=<DivBackward0>)"
686,"tensor(0.0036, device='cuda:0', grad_fn=<DivBackward0>)"
687,"tensor(0.0056, device='cuda:0', grad_fn=<DivBackward0>)"
688,"tensor(0.0029, device='cuda:0', grad_fn=<DivBackward0>)"
689,"tensor(0.0032, device='cuda:0', grad_fn=<DivBackward0>)"
690,"tensor(0.0031, device='cuda:0', grad_fn=<DivBackward0>)"
691,"tensor(0.0039, device='cuda:0', grad_fn=<DivBackward0>)"
692,"tensor(0.0043, device='cuda:0', grad_fn=<DivBackward0>)"
693,"tensor(0.0034, device='cuda:0', grad_fn=<DivBackward0>)"
694,"tensor(0.0030, device='cuda:0', grad_fn=<DivBackward0>)"
695,"tensor(0.0023, device='cuda:0', grad_fn=<DivBackward0>)"
696,"tensor(0.0032, device='cuda:0', grad_fn=<DivBackward0>)"
697,"tensor(0.0025, device='cuda:0', grad_fn=<DivBackward0>)"
698,"tensor(0.0034, device='cuda:0', grad_fn=<DivBackward0>)"
699,"tensor(0.0031, device='cuda:0', grad_fn=<DivBackward0>)"
700,"tensor(0.0037, device='cuda:0', grad_fn=<DivBackward0>)"
701,"tensor(0.0034, device='cuda:0', grad_fn=<DivBackward0>)"
702,"tensor(0.0056, device='cuda:0', grad_fn=<DivBackward0>)"
703,"tensor(0.0044, device='cuda:0', grad_fn=<DivBackward0>)"
704,"tensor(0.0033, device='cuda:0', grad_fn=<DivBackward0>)"
705,"tensor(0.0047, device='cuda:0', grad_fn=<DivBackward0>)"
706,"tensor(0.0046, device='cuda:0', grad_fn=<DivBackward0>)"
707,"tensor(0.0041, device='cuda:0', grad_fn=<DivBackward0>)"
708,"tensor(0.0029, device='cuda:0', grad_fn=<DivBackward0>)"
709,"tensor(0.0031, device='cuda:0', grad_fn=<DivBackward0>)"
710,"tensor(0.0034, device='cuda:0', grad_fn=<DivBackward0>)"
711,"tensor(0.0031, device='cuda:0', grad_fn=<DivBackward0>)"
712,"tensor(0.0040, device='cuda:0', grad_fn=<DivBackward0>)"
713,"tensor(0.0035, device='cuda:0', grad_fn=<DivBackward0>)"
714,"tensor(0.0030, device='cuda:0', grad_fn=<DivBackward0>)"
715,"tensor(0.0035, device='cuda:0', grad_fn=<DivBackward0>)"
716,"tensor(0.0039, device='cuda:0', grad_fn=<DivBackward0>)"
717,"tensor(0.0044, device='cuda:0', grad_fn=<DivBackward0>)"
718,"tensor(0.0040, device='cuda:0', grad_fn=<DivBackward0>)"
719,"tensor(0.0041, device='cuda:0', grad_fn=<DivBackward0>)"
720,"tensor(0.0038, device='cuda:0', grad_fn=<DivBackward0>)"
721,"tensor(0.0045, device='cuda:0', grad_fn=<DivBackward0>)"
722,"tensor(0.0026, device='cuda:0', grad_fn=<DivBackward0>)"
723,"tensor(0.0038, device='cuda:0', grad_fn=<DivBackward0>)"
724,"tensor(0.0040, device='cuda:0', grad_fn=<DivBackward0>)"
725,"tensor(0.0028, device='cuda:0', grad_fn=<DivBackward0>)"
726,"tensor(0.0024, device='cuda:0', grad_fn=<DivBackward0>)"
727,"tensor(0.0029, device='cuda:0', grad_fn=<DivBackward0>)"
728,"tensor(0.0035, device='cuda:0', grad_fn=<DivBackward0>)"
729,"tensor(0.0034, device='cuda:0', grad_fn=<DivBackward0>)"
730,"tensor(0.0029, device='cuda:0', grad_fn=<DivBackward0>)"
731,"tensor(0.0030, device='cuda:0', grad_fn=<DivBackward0>)"
732,"tensor(0.0033, device='cuda:0', grad_fn=<DivBackward0>)"
733,"tensor(0.0042, device='cuda:0', grad_fn=<DivBackward0>)"
734,"tensor(0.0035, device='cuda:0', grad_fn=<DivBackward0>)"
735,"tensor(0.0033, device='cuda:0', grad_fn=<DivBackward0>)"
736,"tensor(0.0026, device='cuda:0', grad_fn=<DivBackward0>)"
737,"tensor(0.0032, device='cuda:0', grad_fn=<DivBackward0>)"
738,"tensor(0.0041, device='cuda:0', grad_fn=<DivBackward0>)"
739,"tensor(0.0044, device='cuda:0', grad_fn=<DivBackward0>)"
740,"tensor(0.0044, device='cuda:0', grad_fn=<DivBackward0>)"
741,"tensor(0.0022, device='cuda:0', grad_fn=<DivBackward0>)"
742,"tensor(0.0026, device='cuda:0', grad_fn=<DivBackward0>)"
743,"tensor(0.0030, device='cuda:0', grad_fn=<DivBackward0>)"
744,"tensor(0.0042, device='cuda:0', grad_fn=<DivBackward0>)"
745,"tensor(0.0033, device='cuda:0', grad_fn=<DivBackward0>)"
746,"tensor(0.0035, device='cuda:0', grad_fn=<DivBackward0>)"
747,"tensor(0.0030, device='cuda:0', grad_fn=<DivBackward0>)"
748,"tensor(0.0035, device='cuda:0', grad_fn=<DivBackward0>)"
749,"tensor(0.0023, device='cuda:0', grad_fn=<DivBackward0>)"
750,"tensor(0.0030, device='cuda:0', grad_fn=<DivBackward0>)"
751,"tensor(0.0035, device='cuda:0', grad_fn=<DivBackward0>)"
752,"tensor(0.0033, device='cuda:0', grad_fn=<DivBackward0>)"
753,"tensor(0.0030, device='cuda:0', grad_fn=<DivBackward0>)"
754,"tensor(0.0044, device='cuda:0', grad_fn=<DivBackward0>)"
755,"tensor(0.0043, device='cuda:0', grad_fn=<DivBackward0>)"
756,"tensor(0.0044, device='cuda:0', grad_fn=<DivBackward0>)"
757,"tensor(0.0043, device='cuda:0', grad_fn=<DivBackward0>)"
758,"tensor(0.0028, device='cuda:0', grad_fn=<DivBackward0>)"
759,"tensor(0.0029, device='cuda:0', grad_fn=<DivBackward0>)"
760,"tensor(0.0031, device='cuda:0', grad_fn=<DivBackward0>)"
761,"tensor(0.0038, device='cuda:0', grad_fn=<DivBackward0>)"
762,"tensor(0.0038, device='cuda:0', grad_fn=<DivBackward0>)"
763,"tensor(0.0037, device='cuda:0', grad_fn=<DivBackward0>)"
764,"tensor(0.0032, device='cuda:0', grad_fn=<DivBackward0>)"
765,"tensor(0.0036, device='cuda:0', grad_fn=<DivBackward0>)"
766,"tensor(0.0030, device='cuda:0', grad_fn=<DivBackward0>)"
767,"tensor(0.0039, device='cuda:0', grad_fn=<DivBackward0>)"
768,"tensor(0.0055, device='cuda:0', grad_fn=<DivBackward0>)"
769,"tensor(0.0026, device='cuda:0', grad_fn=<DivBackward0>)"
770,"tensor(0.0036, device='cuda:0', grad_fn=<DivBackward0>)"
771,"tensor(0.0027, device='cuda:0', grad_fn=<DivBackward0>)"
772,"tensor(0.0038, device='cuda:0', grad_fn=<DivBackward0>)"
773,"tensor(0.0033, device='cuda:0', grad_fn=<DivBackward0>)"
774,"tensor(0.0055, device='cuda:0', grad_fn=<DivBackward0>)"
775,"tensor(0.0023, device='cuda:0', grad_fn=<DivBackward0>)"
776,"tensor(0.0034, device='cuda:0', grad_fn=<DivBackward0>)"
777,"tensor(0.0035, device='cuda:0', grad_fn=<DivBackward0>)"
778,"tensor(0.0043, device='cuda:0', grad_fn=<DivBackward0>)"
779,"tensor(0.0030, device='cuda:0', grad_fn=<DivBackward0>)"
780,"tensor(0.0032, device='cuda:0', grad_fn=<DivBackward0>)"
781,"tensor(0.0040, device='cuda:0', grad_fn=<DivBackward0>)"
782,"tensor(0.0040, device='cuda:0', grad_fn=<DivBackward0>)"
783,"tensor(0.0034, device='cuda:0', grad_fn=<DivBackward0>)"
784,"tensor(0.0029, device='cuda:0', grad_fn=<DivBackward0>)"
785,"tensor(0.0042, device='cuda:0', grad_fn=<DivBackward0>)"
786,"tensor(0.0031, device='cuda:0', grad_fn=<DivBackward0>)"
787,"tensor(0.0033, device='cuda:0', grad_fn=<DivBackward0>)"
788,"tensor(0.0037, device='cuda:0', grad_fn=<DivBackward0>)"
789,"tensor(0.0031, device='cuda:0', grad_fn=<DivBackward0>)"
790,"tensor(0.0049, device='cuda:0', grad_fn=<DivBackward0>)"
791,"tensor(0.0047, device='cuda:0', grad_fn=<DivBackward0>)"
792,"tensor(0.0051, device='cuda:0', grad_fn=<DivBackward0>)"
793,"tensor(0.0049, device='cuda:0', grad_fn=<DivBackward0>)"
794,"tensor(0.0027, device='cuda:0', grad_fn=<DivBackward0>)"
795,"tensor(0.0046, device='cuda:0', grad_fn=<DivBackward0>)"
796,"tensor(0.0045, device='cuda:0', grad_fn=<DivBackward0>)"
797,"tensor(0.0042, device='cuda:0', grad_fn=<DivBackward0>)"
798,"tensor(0.0049, device='cuda:0', grad_fn=<DivBackward0>)"
799,"tensor(0.0026, device='cuda:0', grad_fn=<DivBackward0>)"
800,"tensor(0.0032, device='cuda:0', grad_fn=<DivBackward0>)"
801,"tensor(0.0030, device='cuda:0', grad_fn=<DivBackward0>)"
802,"tensor(0.0040, device='cuda:0', grad_fn=<DivBackward0>)"
803,"tensor(0.0038, device='cuda:0', grad_fn=<DivBackward0>)"
804,"tensor(0.0038, device='cuda:0', grad_fn=<DivBackward0>)"
805,"tensor(0.0032, device='cuda:0', grad_fn=<DivBackward0>)"
806,"tensor(0.0032, device='cuda:0', grad_fn=<DivBackward0>)"
807,"tensor(0.0030, device='cuda:0', grad_fn=<DivBackward0>)"
808,"tensor(0.0024, device='cuda:0', grad_fn=<DivBackward0>)"
809,"tensor(0.0027, device='cuda:0', grad_fn=<DivBackward0>)"
810,"tensor(0.0035, device='cuda:0', grad_fn=<DivBackward0>)"
811,"tensor(0.0050, device='cuda:0', grad_fn=<DivBackward0>)"
812,"tensor(0.0042, device='cuda:0', grad_fn=<DivBackward0>)"
813,"tensor(0.0038, device='cuda:0', grad_fn=<DivBackward0>)"
814,"tensor(0.0039, device='cuda:0', grad_fn=<DivBackward0>)"
815,"tensor(0.0040, device='cuda:0', grad_fn=<DivBackward0>)"
816,"tensor(0.0033, device='cuda:0', grad_fn=<DivBackward0>)"
817,"tensor(0.0045, device='cuda:0', grad_fn=<DivBackward0>)"
818,"tensor(0.0045, device='cuda:0', grad_fn=<DivBackward0>)"
819,"tensor(0.0044, device='cuda:0', grad_fn=<DivBackward0>)"
820,"tensor(0.0044, device='cuda:0', grad_fn=<DivBackward0>)"
821,"tensor(0.0034, device='cuda:0', grad_fn=<DivBackward0>)"
822,"tensor(0.0032, device='cuda:0', grad_fn=<DivBackward0>)"
823,"tensor(0.0031, device='cuda:0', grad_fn=<DivBackward0>)"
824,"tensor(0.0039, device='cuda:0', grad_fn=<DivBackward0>)"
825,"tensor(0.0031, device='cuda:0', grad_fn=<DivBackward0>)"
826,"tensor(0.0031, device='cuda:0', grad_fn=<DivBackward0>)"
827,"tensor(0.0037, device='cuda:0', grad_fn=<DivBackward0>)"
828,"tensor(0.0039, device='cuda:0', grad_fn=<DivBackward0>)"
829,"tensor(0.0036, device='cuda:0', grad_fn=<DivBackward0>)"
830,"tensor(0.0038, device='cuda:0', grad_fn=<DivBackward0>)"
831,"tensor(0.0026, device='cuda:0', grad_fn=<DivBackward0>)"
832,"tensor(0.0034, device='cuda:0', grad_fn=<DivBackward0>)"
833,"tensor(0.0037, device='cuda:0', grad_fn=<DivBackward0>)"
834,"tensor(0.0028, device='cuda:0', grad_fn=<DivBackward0>)"
835,"tensor(0.0041, device='cuda:0', grad_fn=<DivBackward0>)"
836,"tensor(0.0035, device='cuda:0', grad_fn=<DivBackward0>)"
837,"tensor(0.0034, device='cuda:0', grad_fn=<DivBackward0>)"
838,"tensor(0.0025, device='cuda:0', grad_fn=<DivBackward0>)"
839,"tensor(0.0026, device='cuda:0', grad_fn=<DivBackward0>)"
840,"tensor(0.0037, device='cuda:0', grad_fn=<DivBackward0>)"
841,"tensor(0.0036, device='cuda:0', grad_fn=<DivBackward0>)"
842,"tensor(0.0044, device='cuda:0', grad_fn=<DivBackward0>)"
843,"tensor(0.0047, device='cuda:0', grad_fn=<DivBackward0>)"
844,"tensor(0.0036, device='cuda:0', grad_fn=<DivBackward0>)"
845,"tensor(0.0029, device='cuda:0', grad_fn=<DivBackward0>)"
846,"tensor(0.0041, device='cuda:0', grad_fn=<DivBackward0>)"
847,"tensor(0.0027, device='cuda:0', grad_fn=<DivBackward0>)"
848,"tensor(0.0041, device='cuda:0', grad_fn=<DivBackward0>)"
849,"tensor(0.0040, device='cuda:0', grad_fn=<DivBackward0>)"
850,"tensor(0.0031, device='cuda:0', grad_fn=<DivBackward0>)"
851,"tensor(0.0031, device='cuda:0', grad_fn=<DivBackward0>)"
852,"tensor(0.0027, device='cuda:0', grad_fn=<DivBackward0>)"
853,"tensor(0.0055, device='cuda:0', grad_fn=<DivBackward0>)"
854,"tensor(0.0045, device='cuda:0', grad_fn=<DivBackward0>)"
855,"tensor(0.0027, device='cuda:0', grad_fn=<DivBackward0>)"
856,"tensor(0.0037, device='cuda:0', grad_fn=<DivBackward0>)"
857,"tensor(0.0024, device='cuda:0', grad_fn=<DivBackward0>)"
858,"tensor(0.0038, device='cuda:0', grad_fn=<DivBackward0>)"
859,"tensor(0.0032, device='cuda:0', grad_fn=<DivBackward0>)"
860,"tensor(0.0044, device='cuda:0', grad_fn=<DivBackward0>)"
861,"tensor(0.0052, device='cuda:0', grad_fn=<DivBackward0>)"
862,"tensor(0.0033, device='cuda:0', grad_fn=<DivBackward0>)"
863,"tensor(0.0052, device='cuda:0', grad_fn=<DivBackward0>)"
864,"tensor(0.0031, device='cuda:0', grad_fn=<DivBackward0>)"
865,"tensor(0.0034, device='cuda:0', grad_fn=<DivBackward0>)"
866,"tensor(0.0046, device='cuda:0', grad_fn=<DivBackward0>)"
867,"tensor(0.0045, device='cuda:0', grad_fn=<DivBackward0>)"
868,"tensor(0.0028, device='cuda:0', grad_fn=<DivBackward0>)"
869,"tensor(0.0060, device='cuda:0', grad_fn=<DivBackward0>)"
870,"tensor(0.0049, device='cuda:0', grad_fn=<DivBackward0>)"
871,"tensor(0.0030, device='cuda:0', grad_fn=<DivBackward0>)"
872,"tensor(0.0045, device='cuda:0', grad_fn=<DivBackward0>)"
873,"tensor(0.0033, device='cuda:0', grad_fn=<DivBackward0>)"
874,"tensor(0.0027, device='cuda:0', grad_fn=<DivBackward0>)"
875,"tensor(0.0041, device='cuda:0', grad_fn=<DivBackward0>)"
876,"tensor(0.0029, device='cuda:0', grad_fn=<DivBackward0>)"
877,"tensor(0.0027, device='cuda:0', grad_fn=<DivBackward0>)"
878,"tensor(0.0037, device='cuda:0', grad_fn=<DivBackward0>)"
879,"tensor(0.0035, device='cuda:0', grad_fn=<DivBackward0>)"
880,"tensor(0.0027, device='cuda:0', grad_fn=<DivBackward0>)"
881,"tensor(0.0029, device='cuda:0', grad_fn=<DivBackward0>)"
882,"tensor(0.0036, device='cuda:0', grad_fn=<DivBackward0>)"
883,"tensor(0.0031, device='cuda:0', grad_fn=<DivBackward0>)"
884,"tensor(0.0031, device='cuda:0', grad_fn=<DivBackward0>)"
885,"tensor(0.0036, device='cuda:0', grad_fn=<DivBackward0>)"
886,"tensor(0.0037, device='cuda:0', grad_fn=<DivBackward0>)"
887,"tensor(0.0038, device='cuda:0', grad_fn=<DivBackward0>)"
888,"tensor(0.0042, device='cuda:0', grad_fn=<DivBackward0>)"
889,"tensor(0.0028, device='cuda:0', grad_fn=<DivBackward0>)"
890,"tensor(0.0042, device='cuda:0', grad_fn=<DivBackward0>)"
891,"tensor(0.0033, device='cuda:0', grad_fn=<DivBackward0>)"
892,"tensor(0.0021, device='cuda:0', grad_fn=<DivBackward0>)"
893,"tensor(0.0037, device='cuda:0', grad_fn=<DivBackward0>)"
894,"tensor(0.0039, device='cuda:0', grad_fn=<DivBackward0>)"
895,"tensor(0.0042, device='cuda:0', grad_fn=<DivBackward0>)"
896,"tensor(0.0035, device='cuda:0', grad_fn=<DivBackward0>)"
897,"tensor(0.0026, device='cuda:0', grad_fn=<DivBackward0>)"
898,"tensor(0.0035, device='cuda:0', grad_fn=<DivBackward0>)"
899,"tensor(0.0043, device='cuda:0', grad_fn=<DivBackward0>)"
900,"tensor(0.0039, device='cuda:0', grad_fn=<DivBackward0>)"
901,"tensor(0.0027, device='cuda:0', grad_fn=<DivBackward0>)"
902,"tensor(0.0035, device='cuda:0', grad_fn=<DivBackward0>)"
903,"tensor(0.0040, device='cuda:0', grad_fn=<DivBackward0>)"
904,"tensor(0.0030, device='cuda:0', grad_fn=<DivBackward0>)"
905,"tensor(0.0041, device='cuda:0', grad_fn=<DivBackward0>)"
906,"tensor(0.0040, device='cuda:0', grad_fn=<DivBackward0>)"
907,"tensor(0.0034, device='cuda:0', grad_fn=<DivBackward0>)"
908,"tensor(0.0047, device='cuda:0', grad_fn=<DivBackward0>)"
909,"tensor(0.0029, device='cuda:0', grad_fn=<DivBackward0>)"
910,"tensor(0.0033, device='cuda:0', grad_fn=<DivBackward0>)"
911,"tensor(0.0043, device='cuda:0', grad_fn=<DivBackward0>)"
912,"tensor(0.0029, device='cuda:0', grad_fn=<DivBackward0>)"
913,"tensor(0.0024, device='cuda:0', grad_fn=<DivBackward0>)"
914,"tensor(0.0028, device='cuda:0', grad_fn=<DivBackward0>)"
915,"tensor(0.0034, device='cuda:0', grad_fn=<DivBackward0>)"
916,"tensor(0.0039, device='cuda:0', grad_fn=<DivBackward0>)"
917,"tensor(0.0036, device='cuda:0', grad_fn=<DivBackward0>)"
918,"tensor(0.0029, device='cuda:0', grad_fn=<DivBackward0>)"
919,"tensor(0.0039, device='cuda:0', grad_fn=<DivBackward0>)"
920,"tensor(0.0037, device='cuda:0', grad_fn=<DivBackward0>)"
921,"tensor(0.0024, device='cuda:0', grad_fn=<DivBackward0>)"
922,"tensor(0.0035, device='cuda:0', grad_fn=<DivBackward0>)"
923,"tensor(0.0037, device='cuda:0', grad_fn=<DivBackward0>)"
924,"tensor(0.0026, device='cuda:0', grad_fn=<DivBackward0>)"
925,"tensor(0.0031, device='cuda:0', grad_fn=<DivBackward0>)"
926,"tensor(0.0031, device='cuda:0', grad_fn=<DivBackward0>)"
927,"tensor(0.0040, device='cuda:0', grad_fn=<DivBackward0>)"
928,"tensor(0.0040, device='cuda:0', grad_fn=<DivBackward0>)"
929,"tensor(0.0029, device='cuda:0', grad_fn=<DivBackward0>)"
930,"tensor(0.0036, device='cuda:0', grad_fn=<DivBackward0>)"
931,"tensor(0.0039, device='cuda:0', grad_fn=<DivBackward0>)"
932,"tensor(0.0031, device='cuda:0', grad_fn=<DivBackward0>)"
933,"tensor(0.0035, device='cuda:0', grad_fn=<DivBackward0>)"
934,"tensor(0.0047, device='cuda:0', grad_fn=<DivBackward0>)"
935,"tensor(0.0030, device='cuda:0', grad_fn=<DivBackward0>)"
936,"tensor(0.0028, device='cuda:0', grad_fn=<DivBackward0>)"
937,"tensor(0.0037, device='cuda:0', grad_fn=<DivBackward0>)"
938,"tensor(0.0024, device='cuda:0', grad_fn=<DivBackward0>)"
939,"tensor(0.0029, device='cuda:0', grad_fn=<DivBackward0>)"
940,"tensor(0.0035, device='cuda:0', grad_fn=<DivBackward0>)"
941,"tensor(0.0043, device='cuda:0', grad_fn=<DivBackward0>)"
942,"tensor(0.0035, device='cuda:0', grad_fn=<DivBackward0>)"
943,"tensor(0.0044, device='cuda:0', grad_fn=<DivBackward0>)"
944,"tensor(0.0036, device='cuda:0', grad_fn=<DivBackward0>)"
945,"tensor(0.0038, device='cuda:0', grad_fn=<DivBackward0>)"
946,"tensor(0.0035, device='cuda:0', grad_fn=<DivBackward0>)"
947,"tensor(0.0032, device='cuda:0', grad_fn=<DivBackward0>)"
948,"tensor(0.0035, device='cuda:0', grad_fn=<DivBackward0>)"
949,"tensor(0.0033, device='cuda:0', grad_fn=<DivBackward0>)"
950,"tensor(0.0024, device='cuda:0', grad_fn=<DivBackward0>)"
951,"tensor(0.0022, device='cuda:0', grad_fn=<DivBackward0>)"
952,"tensor(0.0033, device='cuda:0', grad_fn=<DivBackward0>)"
953,"tensor(0.0022, device='cuda:0', grad_fn=<DivBackward0>)"
954,"tensor(0.0041, device='cuda:0', grad_fn=<DivBackward0>)"
955,"tensor(0.0035, device='cuda:0', grad_fn=<DivBackward0>)"
956,"tensor(0.0029, device='cuda:0', grad_fn=<DivBackward0>)"
957,"tensor(0.0040, device='cuda:0', grad_fn=<DivBackward0>)"
958,"tensor(0.0043, device='cuda:0', grad_fn=<DivBackward0>)"
959,"tensor(0.0045, device='cuda:0', grad_fn=<DivBackward0>)"
960,"tensor(0.0031, device='cuda:0', grad_fn=<DivBackward0>)"
961,"tensor(0.0032, device='cuda:0', grad_fn=<DivBackward0>)"
962,"tensor(0.0036, device='cuda:0', grad_fn=<DivBackward0>)"
963,"tensor(0.0034, device='cuda:0', grad_fn=<DivBackward0>)"
964,"tensor(0.0035, device='cuda:0', grad_fn=<DivBackward0>)"
965,"tensor(0.0043, device='cuda:0', grad_fn=<DivBackward0>)"
966,"tensor(0.0052, device='cuda:0', grad_fn=<DivBackward0>)"
967,"tensor(0.0030, device='cuda:0', grad_fn=<DivBackward0>)"
968,"tensor(0.0031, device='cuda:0', grad_fn=<DivBackward0>)"
969,"tensor(0.0037, device='cuda:0', grad_fn=<DivBackward0>)"
970,"tensor(0.0021, device='cuda:0', grad_fn=<DivBackward0>)"
971,"tensor(0.0039, device='cuda:0', grad_fn=<DivBackward0>)"
972,"tensor(0.0041, device='cuda:0', grad_fn=<DivBackward0>)"
973,"tensor(0.0025, device='cuda:0', grad_fn=<DivBackward0>)"
974,"tensor(0.0034, device='cuda:0', grad_fn=<DivBackward0>)"
975,"tensor(0.0037, device='cuda:0', grad_fn=<DivBackward0>)"
976,"tensor(0.0035, device='cuda:0', grad_fn=<DivBackward0>)"
977,"tensor(0.0040, device='cuda:0', grad_fn=<DivBackward0>)"
978,"tensor(0.0041, device='cuda:0', grad_fn=<DivBackward0>)"
979,"tensor(0.0035, device='cuda:0', grad_fn=<DivBackward0>)"
980,"tensor(0.0056, device='cuda:0', grad_fn=<DivBackward0>)"
981,"tensor(0.0040, device='cuda:0', grad_fn=<DivBackward0>)"
982,"tensor(0.0027, device='cuda:0', grad_fn=<DivBackward0>)"
983,"tensor(0.0030, device='cuda:0', grad_fn=<DivBackward0>)"
984,"tensor(0.0035, device='cuda:0', grad_fn=<DivBackward0>)"
985,"tensor(0.0030, device='cuda:0', grad_fn=<DivBackward0>)"
986,"tensor(0.0041, device='cuda:0', grad_fn=<DivBackward0>)"
987,"tensor(0.0034, device='cuda:0', grad_fn=<DivBackward0>)"
988,"tensor(0.0029, device='cuda:0', grad_fn=<DivBackward0>)"
989,"tensor(0.0023, device='cuda:0', grad_fn=<DivBackward0>)"
990,"tensor(0.0034, device='cuda:0', grad_fn=<DivBackward0>)"
991,"tensor(0.0035, device='cuda:0', grad_fn=<DivBackward0>)"
992,"tensor(0.0040, device='cuda:0', grad_fn=<DivBackward0>)"
993,"tensor(0.0036, device='cuda:0', grad_fn=<DivBackward0>)"
994,"tensor(0.0022, device='cuda:0', grad_fn=<DivBackward0>)"
995,"tensor(0.0041, device='cuda:0', grad_fn=<DivBackward0>)"
996,"tensor(0.0044, device='cuda:0', grad_fn=<DivBackward0>)"
997,"tensor(0.0038, device='cuda:0', grad_fn=<DivBackward0>)"
998,"tensor(0.0032, device='cuda:0', grad_fn=<DivBackward0>)"
999,"tensor(0.0029, device='cuda:0', grad_fn=<DivBackward0>)"
1000,"tensor(0.0044, device='cuda:0', grad_fn=<DivBackward0>)"
1001,"tensor(0.0025, device='cuda:0', grad_fn=<DivBackward0>)"
1002,"tensor(0.0036, device='cuda:0', grad_fn=<DivBackward0>)"
1003,"tensor(0.0021, device='cuda:0', grad_fn=<DivBackward0>)"
1004,"tensor(0.0033, device='cuda:0', grad_fn=<DivBackward0>)"
1005,"tensor(0.0032, device='cuda:0', grad_fn=<DivBackward0>)"
1006,"tensor(0.0034, device='cuda:0', grad_fn=<DivBackward0>)"
1007,"tensor(0.0035, device='cuda:0', grad_fn=<DivBackward0>)"
1008,"tensor(0.0033, device='cuda:0', grad_fn=<DivBackward0>)"
1009,"tensor(0.0043, device='cuda:0', grad_fn=<DivBackward0>)"
1010,"tensor(0.0035, device='cuda:0', grad_fn=<DivBackward0>)"
1011,"tensor(0.0031, device='cuda:0', grad_fn=<DivBackward0>)"
1012,"tensor(0.0038, device='cuda:0', grad_fn=<DivBackward0>)"
1013,"tensor(0.0032, device='cuda:0', grad_fn=<DivBackward0>)"
1014,"tensor(0.0041, device='cuda:0', grad_fn=<DivBackward0>)"
1015,"tensor(0.0030, device='cuda:0', grad_fn=<DivBackward0>)"
1016,"tensor(0.0034, device='cuda:0', grad_fn=<DivBackward0>)"
1017,"tensor(0.0029, device='cuda:0', grad_fn=<DivBackward0>)"
1018,"tensor(0.0028, device='cuda:0', grad_fn=<DivBackward0>)"
1019,"tensor(0.0026, device='cuda:0', grad_fn=<DivBackward0>)"
1020,"tensor(0.0040, device='cuda:0', grad_fn=<DivBackward0>)"
1021,"tensor(0.0031, device='cuda:0', grad_fn=<DivBackward0>)"
1022,"tensor(0.0024, device='cuda:0', grad_fn=<DivBackward0>)"
1023,"tensor(0.0039, device='cuda:0', grad_fn=<DivBackward0>)"
1024,"tensor(0.0037, device='cuda:0', grad_fn=<DivBackward0>)"
1025,"tensor(0.0034, device='cuda:0', grad_fn=<DivBackward0>)"
1026,"tensor(0.0042, device='cuda:0', grad_fn=<DivBackward0>)"
1027,"tensor(0.0033, device='cuda:0', grad_fn=<DivBackward0>)"
1028,"tensor(0.0027, device='cuda:0', grad_fn=<DivBackward0>)"
1029,"tensor(0.0033, device='cuda:0', grad_fn=<DivBackward0>)"
1030,"tensor(0.0027, device='cuda:0', grad_fn=<DivBackward0>)"
1031,"tensor(0.0042, device='cuda:0', grad_fn=<DivBackward0>)"
1032,"tensor(0.0039, device='cuda:0', grad_fn=<DivBackward0>)"
1033,"tensor(0.0031, device='cuda:0', grad_fn=<DivBackward0>)"
1034,"tensor(0.0039, device='cuda:0', grad_fn=<DivBackward0>)"
1035,"tensor(0.0033, device='cuda:0', grad_fn=<DivBackward0>)"
1036,"tensor(0.0035, device='cuda:0', grad_fn=<DivBackward0>)"
1037,"tensor(0.0034, device='cuda:0', grad_fn=<DivBackward0>)"
1038,"tensor(0.0032, device='cuda:0', grad_fn=<DivBackward0>)"
1039,"tensor(0.0048, device='cuda:0', grad_fn=<DivBackward0>)"
1040,"tensor(0.0036, device='cuda:0', grad_fn=<DivBackward0>)"
1041,"tensor(0.0036, device='cuda:0', grad_fn=<DivBackward0>)"
1042,"tensor(0.0029, device='cuda:0', grad_fn=<DivBackward0>)"
1043,"tensor(0.0031, device='cuda:0', grad_fn=<DivBackward0>)"
1044,"tensor(0.0044, device='cuda:0', grad_fn=<DivBackward0>)"
1045,"tensor(0.0036, device='cuda:0', grad_fn=<DivBackward0>)"
1046,"tensor(0.0043, device='cuda:0', grad_fn=<DivBackward0>)"
1047,"tensor(0.0039, device='cuda:0', grad_fn=<DivBackward0>)"
1048,"tensor(0.0037, device='cuda:0', grad_fn=<DivBackward0>)"
1049,"tensor(0.0031, device='cuda:0', grad_fn=<DivBackward0>)"
1050,"tensor(0.0046, device='cuda:0', grad_fn=<DivBackward0>)"
1051,"tensor(0.0026, device='cuda:0', grad_fn=<DivBackward0>)"
1052,"tensor(0.0037, device='cuda:0', grad_fn=<DivBackward0>)"
1053,"tensor(0.0028, device='cuda:0', grad_fn=<DivBackward0>)"
1054,"tensor(0.0036, device='cuda:0', grad_fn=<DivBackward0>)"
1055,"tensor(0.0037, device='cuda:0', grad_fn=<DivBackward0>)"
1056,"tensor(0.0043, device='cuda:0', grad_fn=<DivBackward0>)"
1057,"tensor(0.0046, device='cuda:0', grad_fn=<DivBackward0>)"
1058,"tensor(0.0022, device='cuda:0', grad_fn=<DivBackward0>)"
1059,"tensor(0.0030, device='cuda:0', grad_fn=<DivBackward0>)"
1060,"tensor(0.0031, device='cuda:0', grad_fn=<DivBackward0>)"
1061,"tensor(0.0035, device='cuda:0', grad_fn=<DivBackward0>)"
1062,"tensor(0.0037, device='cuda:0', grad_fn=<DivBackward0>)"
1063,"tensor(0.0028, device='cuda:0', grad_fn=<DivBackward0>)"
1064,"tensor(0.0041, device='cuda:0', grad_fn=<DivBackward0>)"
1065,"tensor(0.0027, device='cuda:0', grad_fn=<DivBackward0>)"
1066,"tensor(0.0037, device='cuda:0', grad_fn=<DivBackward0>)"
1067,"tensor(0.0024, device='cuda:0', grad_fn=<DivBackward0>)"
1068,"tensor(0.0029, device='cuda:0', grad_fn=<DivBackward0>)"
1069,"tensor(0.0027, device='cuda:0', grad_fn=<DivBackward0>)"
1070,"tensor(0.0032, device='cuda:0', grad_fn=<DivBackward0>)"
1071,"tensor(0.0043, device='cuda:0', grad_fn=<DivBackward0>)"
1072,"tensor(0.0031, device='cuda:0', grad_fn=<DivBackward0>)"
1073,"tensor(0.0039, device='cuda:0', grad_fn=<DivBackward0>)"
1074,"tensor(0.0036, device='cuda:0', grad_fn=<DivBackward0>)"
1075,"tensor(0.0029, device='cuda:0', grad_fn=<DivBackward0>)"
1076,"tensor(0.0026, device='cuda:0', grad_fn=<DivBackward0>)"
1077,"tensor(0.0038, device='cuda:0', grad_fn=<DivBackward0>)"
1078,"tensor(0.0041, device='cuda:0', grad_fn=<DivBackward0>)"
1079,"tensor(0.0033, device='cuda:0', grad_fn=<DivBackward0>)"
1080,"tensor(0.0035, device='cuda:0', grad_fn=<DivBackward0>)"
1081,"tensor(0.0037, device='cuda:0', grad_fn=<DivBackward0>)"
1082,"tensor(0.0042, device='cuda:0', grad_fn=<DivBackward0>)"
1083,"tensor(0.0037, device='cuda:0', grad_fn=<DivBackward0>)"
1084,"tensor(0.0032, device='cuda:0', grad_fn=<DivBackward0>)"
1085,"tensor(0.0028, device='cuda:0', grad_fn=<DivBackward0>)"
1086,"tensor(0.0039, device='cuda:0', grad_fn=<DivBackward0>)"
1087,"tensor(0.0049, device='cuda:0', grad_fn=<DivBackward0>)"
1088,"tensor(0.0042, device='cuda:0', grad_fn=<DivBackward0>)"
1089,"tensor(0.0026, device='cuda:0', grad_fn=<DivBackward0>)"
1090,"tensor(0.0039, device='cuda:0', grad_fn=<DivBackward0>)"
1091,"tensor(0.0039, device='cuda:0', grad_fn=<DivBackward0>)"
1092,"tensor(0.0031, device='cuda:0', grad_fn=<DivBackward0>)"
1093,"tensor(0.0034, device='cuda:0', grad_fn=<DivBackward0>)"
1094,"tensor(0.0034, device='cuda:0', grad_fn=<DivBackward0>)"
1095,"tensor(0.0025, device='cuda:0', grad_fn=<DivBackward0>)"
1096,"tensor(0.0031, device='cuda:0', grad_fn=<DivBackward0>)"
1097,"tensor(0.0033, device='cuda:0', grad_fn=<DivBackward0>)"
1098,"tensor(0.0034, device='cuda:0', grad_fn=<DivBackward0>)"
1099,"tensor(0.0034, device='cuda:0', grad_fn=<DivBackward0>)"
1100,"tensor(0.0036, device='cuda:0', grad_fn=<DivBackward0>)"
1101,"tensor(0.0029, device='cuda:0', grad_fn=<DivBackward0>)"
1102,"tensor(0.0040, device='cuda:0', grad_fn=<DivBackward0>)"
1103,"tensor(0.0037, device='cuda:0', grad_fn=<DivBackward0>)"
1104,"tensor(0.0039, device='cuda:0', grad_fn=<DivBackward0>)"
1105,"tensor(0.0044, device='cuda:0', grad_fn=<DivBackward0>)"
1106,"tensor(0.0041, device='cuda:0', grad_fn=<DivBackward0>)"
1107,"tensor(0.0054, device='cuda:0', grad_fn=<DivBackward0>)"
1108,"tensor(0.0026, device='cuda:0', grad_fn=<DivBackward0>)"
1109,"tensor(0.0035, device='cuda:0', grad_fn=<DivBackward0>)"
1110,"tensor(0.0034, device='cuda:0', grad_fn=<DivBackward0>)"
1111,"tensor(0.0045, device='cuda:0', grad_fn=<DivBackward0>)"
1112,"tensor(0.0027, device='cuda:0', grad_fn=<DivBackward0>)"
1113,"tensor(0.0029, device='cuda:0', grad_fn=<DivBackward0>)"
1114,"tensor(0.0031, device='cuda:0', grad_fn=<DivBackward0>)"
1115,"tensor(0.0024, device='cuda:0', grad_fn=<DivBackward0>)"
1116,"tensor(0.0035, device='cuda:0', grad_fn=<DivBackward0>)"
1117,"tensor(0.0026, device='cuda:0', grad_fn=<DivBackward0>)"
1118,"tensor(0.0031, device='cuda:0', grad_fn=<DivBackward0>)"
1119,"tensor(0.0036, device='cuda:0', grad_fn=<DivBackward0>)"
1120,"tensor(0.0029, device='cuda:0', grad_fn=<DivBackward0>)"
1121,"tensor(0.0035, device='cuda:0', grad_fn=<DivBackward0>)"
1122,"tensor(0.0028, device='cuda:0', grad_fn=<DivBackward0>)"
1123,"tensor(0.0036, device='cuda:0', grad_fn=<DivBackward0>)"
1124,"tensor(0.0043, device='cuda:0', grad_fn=<DivBackward0>)"
1125,"tensor(0.0034, device='cuda:0', grad_fn=<DivBackward0>)"
1126,"tensor(0.0042, device='cuda:0', grad_fn=<DivBackward0>)"
1127,"tensor(0.0043, device='cuda:0', grad_fn=<DivBackward0>)"
1128,"tensor(0.0027, device='cuda:0', grad_fn=<DivBackward0>)"
1129,"tensor(0.0024, device='cuda:0', grad_fn=<DivBackward0>)"
1130,"tensor(0.0037, device='cuda:0', grad_fn=<DivBackward0>)"
1131,"tensor(0.0038, device='cuda:0', grad_fn=<DivBackward0>)"
1132,"tensor(0.0033, device='cuda:0', grad_fn=<DivBackward0>)"
1133,"tensor(0.0028, device='cuda:0', grad_fn=<DivBackward0>)"
1134,"tensor(0.0037, device='cuda:0', grad_fn=<DivBackward0>)"
1135,"tensor(0.0023, device='cuda:0', grad_fn=<DivBackward0>)"
1136,"tensor(0.0030, device='cuda:0', grad_fn=<DivBackward0>)"
1137,"tensor(0.0032, device='cuda:0', grad_fn=<DivBackward0>)"
1138,"tensor(0.0025, device='cuda:0', grad_fn=<DivBackward0>)"
1139,"tensor(0.0036, device='cuda:0', grad_fn=<DivBackward0>)"
1140,"tensor(0.0039, device='cuda:0', grad_fn=<DivBackward0>)"
1141,"tensor(0.0032, device='cuda:0', grad_fn=<DivBackward0>)"
1142,"tensor(0.0041, device='cuda:0', grad_fn=<DivBackward0>)"
1143,"tensor(0.0049, device='cuda:0', grad_fn=<DivBackward0>)"
1144,"tensor(0.0040, device='cuda:0', grad_fn=<DivBackward0>)"
1145,"tensor(0.0032, device='cuda:0', grad_fn=<DivBackward0>)"
1146,"tensor(0.0030, device='cuda:0', grad_fn=<DivBackward0>)"
1147,"tensor(0.0034, device='cuda:0', grad_fn=<DivBackward0>)"
1148,"tensor(0.0027, device='cuda:0', grad_fn=<DivBackward0>)"
1149,"tensor(0.0036, device='cuda:0', grad_fn=<DivBackward0>)"
1150,"tensor(0.0041, device='cuda:0', grad_fn=<DivBackward0>)"
1151,"tensor(0.0029, device='cuda:0', grad_fn=<DivBackward0>)"
1152,"tensor(0.0033, device='cuda:0', grad_fn=<DivBackward0>)"
1153,"tensor(0.0024, device='cuda:0', grad_fn=<DivBackward0>)"
1154,"tensor(0.0038, device='cuda:0', grad_fn=<DivBackward0>)"
1155,"tensor(0.0043, device='cuda:0', grad_fn=<DivBackward0>)"
1156,"tensor(0.0034, device='cuda:0', grad_fn=<DivBackward0>)"
1157,"tensor(0.0042, device='cuda:0', grad_fn=<DivBackward0>)"
